Pipe_ID,Pipe_Size_mm,Diameter_mm,Thickness_mm,Material,Strength_MPa,Grade,Max_Pressure_Bar,Corrosion_Impact_Percent,Thickness_Loss_mm,Material_Loss_Percent,Time_Years,Temperature_C,Condition
1,747,565,24.25,Copper,269.38,B,142.9,16.2,1.93,8.58,22,22.3,Normal
2,412,1407,14.04,Cast Iron,518.66,B,53.72,7.53,6.51,9.33,17,60.6,Critical
3,320,1253,4.21,Aluminum,275.55,A,197.64,12.9,0.3,2.42,7,-1.1,Normal
4,1103,1639,25.03,Aluminum,380.29,C,186.96,14.84,7.49,4.74,6,79.1,Critical
5,486,1822,7.6,Copper,279.03,D,91.39,4.69,7.62,1.21,22,77.2,Critical
6,190,1162,21.0,Aluminum,505.28,C,46.83,1.13,5.57,3.17,22,68.9,Critical
7,591,1209,23.54,Steel,442.51,C,93.44,16.13,3.14,0.64,17,73.6,Moderate
8,924,785,18.29,Cast Iron,636.09,D,93.62,5.87,4.5,4.51,2,102.7,Moderate
9,1411,1519,12.35,Copper,667.06,D,36.91,19.47,8.3,8.61,3,27.9,Critical
10,217,1244,3.16,Steel,386.68,E,129.77,13.9,4.41,6.42,8,-20.5,Moderate
11,152,906,23.43,PVC,680.61,B,22.49,6.89,2.11,8.4,20,4.2,Moderate
12,1412,800,7.75,Copper,745.83,C,176.36,17.83,7.98,3.51,18,118.1,Critical
13,543,778,19.26,Steel,351.62,B,83.45,9.24,4.81,5.71,3,82.0,Moderate
14,130,846,7.11,PVC,650.97,E,28.2,16.07,7.32,1.5,1,96.1,Critical
15,97,660,4.45,Aluminum,379.19,A,33.18,15.12,1.68,2.38,18,36.3,Normal
16,783,188,11.06,Copper,745.73,A,168.31,15.93,4.23,5.35,24,-7.1,Moderate
17,1458,1819,19.01,Steel,751.74,E,169.39,13.98,5.2,0.13,20,-23.9,Critical
18,1084,638,7.71,Aluminum,784.24,A,177.58,1.01,9.32,9.05,1,41.8,Critical
19,338,332,26.26,Aluminum,740.97,A,164.45,15.75,0.22,6.09,8,-10.6,Normal
20,1223,1837,28.02,Steel,429.86,D,179.48,6.6,6.62,3.81,15,23.8,Critical
21,241,1646,21.58,Cast Iron,614.76,D,33.96,11.31,5.75,7.09,10,77.4,Critical
22,223,1443,23.43,Aluminum,267.4,E,123.2,13.06,7.82,6.12,1,5.7,Critical
23,586,1259,17.2,Steel,533.17,C,69.72,15.74,7.24,2.71,21,107.9,Critical
24,439,1018,11.62,PVC,283.61,A,185.88,10.83,8.43,5.47,21,35.6,Critical
25,414,853,17.13,PVC,238.04,A,20.65,9.05,0.0,5.96,24,0.0,Normal
26,359,489,7.52,Cast Iron,795.26,E,86.41,2.62,6.5,4.07,14,44.7,Critical
27,1425,589,10.39,Copper,267.12,C,85.06,15.49,6.54,9.73,11,30.5,Critical
28,789,988,6.01,Aluminum,655.5,E,32.33,11.07,8.12,8.95,3,61.0,Critical
29,870,658,28.16,Copper,625.21,C,151.91,3.11,5.45,1.38,13,-38.3,Critical
30,747,469,4.75,Aluminum,473.47,A,25.61,5.08,2.85,0.23,6,35.4,Moderate
31,150,1772,22.61,Aluminum,686.73,B,88.28,3.81,0.86,1.67,7,69.5,Normal
32,1021,432,16.08,PVC,792.11,C,19.95,14.38,1.55,3.11,7,76.5,Normal
33,692,1935,27.82,Aluminum,365.86,E,87.17,0.26,2.88,7.22,13,12.8,Moderate
34,353,412,17.91,Aluminum,300.72,D,23.91,10.22,8.38,0.04,13,12.2,Critical
35,290,1293,5.72,Steel,319.52,B,80.92,9.69,8.94,0.43,19,-37.8,Critical
36,560,198,7.49,PVC,664.59,C,114.34,1.91,9.15,7.02,17,-6.0,Critical
37,1493,1600,10.15,Steel,680.98,D,30.51,15.32,6.85,0.78,9,119.6,Critical
38,315,1920,3.77,Steel,345.63,B,73.55,12.99,0.63,6.09,23,23.6,Normal
39,810,868,19.64,Cast Iron,740.95,A,42.39,18.44,1.38,5.73,4,-31.2,Normal
40,1158,803,10.18,Aluminum,462.89,D,14.31,10.72,2.82,7.53,2,21.9,Moderate
41,905,287,25.01,Steel,238.03,B,68.92,3.81,6.34,3.48,13,-15.1,Critical
42,1209,1913,4.52,Aluminum,273.97,D,176.96,14.48,1.66,8.79,12,-5.9,Normal
43,986,1586,26.14,Copper,201.57,A,172.09,11.3,1.62,0.97,7,-31.9,Normal
44,138,1629,14.54,PVC,404.08,E,186.08,10.11,6.78,5.11,8,24.6,Critical
45,845,1228,7.06,Cast Iron,662.24,C,195.79,7.08,4.4,4.72,12,-28.9,Moderate
46,217,1097,11.74,Steel,664.56,C,69.38,14.0,1.27,0.29,19,-34.5,Normal
47,1152,316,25.15,Cast Iron,212.57,B,94.69,17.69,7.85,9.49,8,0.9,Critical
48,313,754,23.11,Copper,495.21,A,190.13,4.67,6.01,5.56,16,-25.0,Critical
49,1091,1356,19.81,Aluminum,370.35,D,179.19,18.88,2.22,0.37,14,7.1,Moderate
50,1369,1267,22.46,Copper,497.97,A,85.25,11.77,7.21,6.43,21,69.4,Critical
51,204,1911,15.16,Steel,756.64,E,158.2,17.58,0.91,5.48,12,-14.9,Normal
52,583,814,4.8,Steel,391.63,C,39.55,16.6,7.68,9.57,2,7.6,Critical
53,1133,1764,3.81,Cast Iron,488.91,E,168.21,15.64,3.85,7.17,19,-27.3,Moderate
54,426,1017,7.67,Aluminum,537.63,A,21.41,14.93,7.82,8.2,18,85.4,Critical
55,896,310,21.83,Copper,428.82,D,167.34,13.29,3.83,9.67,15,102.8,Moderate
56,576,784,15.68,PVC,739.86,A,189.65,6.45,4.98,7.48,19,45.8,Moderate
57,367,391,12.34,Aluminum,590.69,C,185.2,0.62,9.04,4.42,7,77.8,Critical
58,995,1305,29.92,Aluminum,466.8,D,41.97,9.28,0.7,3.95,13,12.2,Normal
59,154,1194,28.45,Copper,723.51,C,136.61,9.36,5.1,1.46,2,42.3,Critical
60,169,851,29.49,Aluminum,627.9,C,133.21,0.29,3.63,1.29,10,68.8,Moderate
61,257,186,12.58,Cast Iron,237.35,B,65.45,15.67,2.84,8.78,4,105.4,Moderate
62,954,1992,16.63,Cast Iron,213.39,E,111.92,5.29,6.41,4.0,19,11.8,Critical
63,1399,1677,15.01,Copper,557.81,B,18.42,19.49,7.85,3.88,14,27.6,Critical
64,1224,700,10.86,Copper,560.12,C,150.16,19.32,0.73,7.86,23,-26.3,Normal
65,245,1150,13.67,Steel,300.79,C,102.23,12.01,2.41,1.94,23,-16.8,Moderate
66,912,110,16.72,Steel,524.3,B,159.69,18.99,2.46,6.48,3,14.1,Moderate
67,779,799,5.02,Steel,503.69,C,93.48,8.65,4.58,8.05,21,37.5,Moderate
68,816,372,22.94,Copper,455.96,E,87.04,9.92,0.67,4.6,6,20.1,Normal
69,1165,1117,22.12,Steel,610.16,D,21.76,3.67,5.43,0.6,23,-30.8,Critical
70,1450,819,5.65,Copper,616.53,B,165.35,7.41,9.72,8.48,11,61.5,Critical
71,627,1813,10.78,Aluminum,482.32,B,96.07,10.62,6.47,1.97,3,-12.3,Critical
72,314,827,26.23,Copper,333.24,B,196.71,8.29,3.37,7.89,1,-14.5,Moderate
73,1025,1461,6.67,Copper,485.81,E,70.12,0.18,3.98,9.85,7,-14.6,Moderate
74,871,1122,8.18,Copper,473.97,B,98.83,13.58,3.98,2.07,4,59.6,Moderate
75,1454,211,19.89,Steel,339.01,E,115.56,16.2,9.95,1.03,11,23.1,Critical
76,1427,1358,26.05,Copper,426.6,A,64.36,11.78,7.18,7.43,16,-5.1,Critical
77,924,1672,9.94,Copper,456.91,D,87.01,10.92,9.39,8.69,2,52.2,Critical
78,1457,1867,17.39,Steel,377.37,E,21.32,18.91,4.68,6.81,22,-28.8,Moderate
79,857,826,24.38,PVC,328.91,C,72.75,3.76,8.09,6.74,24,43.3,Critical
80,760,1152,6.66,Steel,776.2,E,154.37,16.14,0.76,4.22,21,3.1,Normal
81,1456,1153,3.13,Cast Iron,675.02,E,41.04,9.13,8.15,2.39,18,-16.6,Critical
82,1345,1246,10.58,Copper,483.91,B,11.35,0.31,8.97,7.58,24,-9.0,Critical
83,1492,1150,16.34,Copper,454.4,C,184.38,4.4,2.17,4.39,19,23.0,Moderate
84,1459,148,11.53,Copper,218.19,E,40.88,3.8,1.88,3.49,15,50.8,Normal
85,1318,1282,10.46,Copper,213.56,E,68.77,8.13,5.99,7.25,6,25.0,Critical
86,701,181,17.97,PVC,713.95,E,10.49,16.41,6.99,4.03,22,-25.6,Critical
87,710,1067,10.9,Aluminum,582.03,B,34.05,10.34,6.26,0.01,20,114.1,Critical
88,426,1984,20.43,Copper,466.31,E,109.93,3.51,2.64,8.1,5,48.5,Moderate
89,448,1469,14.01,Steel,390.86,A,188.28,4.25,0.69,4.41,23,8.7,Normal
90,694,209,14.26,Steel,495.14,E,151.24,1.61,9.4,5.81,17,6.5,Critical
91,1180,1551,22.77,Aluminum,776.86,B,60.19,9.8,7.12,6.53,20,-5.2,Critical
92,1274,617,14.97,Steel,626.08,E,85.48,12.7,6.04,8.24,22,107.9,Critical
93,569,113,21.87,Cast Iron,582.79,D,12.96,6.23,3.19,0.73,5,29.7,Moderate
94,1101,696,11.49,Steel,695.69,E,69.83,15.18,1.6,3.44,14,101.8,Normal
95,194,649,6.62,Copper,232.73,A,47.93,13.59,2.71,2.72,23,82.7,Moderate
96,524,1294,15.24,Aluminum,488.07,E,146.65,0.75,0.98,6.95,18,-19.5,Normal
97,833,702,13.52,Steel,685.93,E,15.65,13.07,1.67,3.51,19,111.8,Normal
98,1272,985,15.33,PVC,562.24,D,188.36,15.15,6.45,3.26,7,-21.1,Critical
99,374,656,6.91,Copper,324.53,B,100.61,2.68,7.1,9.15,20,48.1,Critical
100,263,1192,12.61,Cast Iron,596.56,C,18.16,17.01,4.66,5.54,1,58.6,Moderate
101,1027,443,25.79,Cast Iron,210.49,B,36.72,6.83,7.85,6.47,18,59.7,Critical
102,149,456,22.98,Cast Iron,334.08,C,106.95,11.29,6.26,0.11,3,-1.7,Critical
103,891,1335,23.4,Copper,305.29,B,102.37,10.98,9.46,1.07,19,108.0,Critical
104,460,1303,17.5,Copper,699.29,A,183.73,5.8,2.94,9.36,23,-7.9,Moderate
105,731,318,3.48,Copper,777.89,C,129.96,15.48,1.59,4.09,17,86.7,Normal
106,1242,1452,29.38,Cast Iron,726.63,C,13.75,1.36,1.98,7.45,5,1.9,Normal
107,517,713,8.76,Cast Iron,400.02,C,122.07,14.18,8.41,9.27,15,103.7,Critical
108,1164,207,14.05,Cast Iron,528.88,B,144.57,19.42,6.9,2.16,8,117.4,Critical
109,983,726,16.79,Aluminum,689.41,E,100.64,9.05,7.93,3.17,11,12.1,Critical
110,1079,1928,16.34,PVC,610.25,B,51.15,12.51,8.61,7.28,10,38.6,Critical
111,126,1679,18.47,Steel,733.89,B,106.71,7.39,3.84,1.23,14,62.8,Moderate
112,1461,865,16.26,Cast Iron,347.24,D,198.71,6.36,7.23,4.91,7,-13.2,Critical
113,560,1150,25.51,PVC,246.46,C,44.08,17.43,4.71,0.84,20,119.0,Moderate
114,370,129,12.11,PVC,753.46,E,25.88,7.7,2.63,4.84,23,-11.6,Moderate
115,1046,883,19.94,Cast Iron,421.0,A,102.24,11.72,2.8,2.61,14,5.1,Moderate
116,89,1590,6.03,Steel,742.05,D,22.21,0.92,1.06,1.78,11,23.3,Normal
117,612,1573,12.91,Copper,549.9,A,160.05,3.33,1.11,2.76,20,64.3,Normal
118,1047,784,23.82,Aluminum,724.95,C,85.81,0.47,5.82,6.33,21,78.6,Critical
119,189,683,3.37,Aluminum,443.84,D,197.52,1.09,3.19,1.48,10,-17.6,Moderate
120,534,564,24.03,Copper,571.95,C,172.82,9.82,1.3,3.99,21,82.0,Normal
121,222,937,21.33,Steel,760.81,B,153.29,1.29,9.03,3.71,12,61.3,Critical
122,413,712,21.62,Aluminum,601.07,E,195.67,0.28,7.11,7.02,14,57.5,Critical
123,1280,787,15.94,Steel,387.61,D,67.42,1.94,2.47,7.92,16,17.4,Moderate
124,588,714,19.9,Copper,748.13,A,54.15,19.11,4.68,7.97,15,96.7,Moderate
125,581,1803,11.31,PVC,440.9,D,88.7,5.67,6.37,2.14,4,38.4,Critical
126,154,1584,3.61,PVC,599.99,C,39.74,7.69,8.41,2.66,3,108.6,Critical
127,1231,636,24.18,Steel,664.96,E,44.85,16.14,1.77,1.4,24,109.2,Normal
128,176,792,18.18,PVC,571.82,E,98.34,17.96,7.56,6.48,11,38.9,Critical
129,772,1732,27.66,Aluminum,569.78,A,133.27,11.44,2.51,9.61,21,-36.6,Moderate
130,197,1548,19.44,Aluminum,237.6,E,90.6,17.83,0.2,2.58,3,57.4,Normal
131,1133,1548,6.49,Copper,458.53,A,169.66,3.01,7.06,5.65,12,43.2,Critical
132,549,995,12.89,Aluminum,760.58,C,81.39,17.91,1.79,8.91,10,67.8,Normal
133,627,1422,21.88,Copper,244.51,C,165.45,15.36,6.24,4.65,19,-34.4,Critical
134,410,287,28.68,Steel,740.33,C,28.18,16.41,9.99,7.22,5,39.8,Critical
135,433,585,27.21,PVC,765.06,B,135.6,3.62,0.08,4.26,9,38.5,Normal
136,904,749,13.87,PVC,724.34,E,67.2,11.48,5.73,9.71,19,-26.8,Critical
137,1101,1391,4.96,PVC,548.62,D,188.01,17.8,3.48,7.65,2,95.0,Moderate
138,875,1389,23.26,PVC,442.23,E,149.26,5.66,4.25,8.16,9,85.8,Moderate
139,397,224,20.6,PVC,484.32,D,152.34,15.33,2.39,7.16,19,-9.3,Moderate
140,1108,1228,29.6,Steel,592.91,A,176.06,0.57,2.82,1.64,16,107.7,Moderate
141,194,1429,11.64,Steel,461.39,B,30.76,17.94,9.18,6.94,7,34.3,Critical
142,752,491,25.24,PVC,653.27,E,119.63,7.83,1.47,9.76,7,-34.8,Normal
143,1359,1150,28.04,Aluminum,619.64,B,24.92,16.25,3.36,0.66,23,42.3,Moderate
144,229,418,10.4,Copper,320.73,A,121.29,7.8,7.08,6.79,8,106.5,Critical
145,532,1036,15.66,Steel,393.19,C,184.85,7.46,4.69,8.3,15,109.2,Moderate
146,1317,1994,19.39,Aluminum,474.91,C,50.88,15.66,2.65,1.68,19,-32.0,Moderate
147,76,931,23.91,Copper,758.62,C,150.52,2.57,3.66,5.17,10,-19.4,Moderate
148,1050,554,3.7,Steel,515.62,B,29.12,17.26,0.22,4.31,10,32.8,Normal
149,1025,1944,15.44,Steel,431.88,E,183.95,17.72,8.96,3.19,19,86.2,Critical
150,244,743,26.34,Aluminum,495.67,C,59.11,6.77,4.03,5.09,18,32.2,Moderate
151,775,1222,17.89,Steel,220.13,E,122.08,19.67,9.4,4.4,14,89.1,Critical
152,630,1688,6.77,Cast Iron,585.12,D,148.44,7.2,5.76,5.01,18,-4.0,Critical
153,1244,319,26.64,Cast Iron,249.42,E,47.97,7.13,3.72,1.26,12,119.9,Moderate
154,432,931,8.35,PVC,650.69,A,57.85,18.81,4.33,2.45,23,-2.9,Moderate
155,417,1814,28.37,Cast Iron,469.23,C,84.59,7.37,4.91,3.56,11,-1.7,Moderate
156,1404,1003,25.68,Cast Iron,432.58,A,41.05,7.42,2.41,0.24,7,24.0,Moderate
157,211,305,10.4,Copper,464.1,D,15.05,15.27,7.01,5.44,22,115.9,Critical
158,212,870,24.44,PVC,222.2,B,33.48,6.17,9.46,3.93,21,37.1,Critical
159,1140,598,26.43,Copper,745.66,B,76.91,12.71,9.36,7.73,8,84.1,Critical
160,406,1050,18.83,Cast Iron,288.19,C,191.41,2.63,5.45,6.29,1,102.9,Critical
161,951,170,26.25,Aluminum,623.72,C,14.64,2.59,2.3,3.62,16,74.0,Moderate
162,1078,498,25.3,Copper,539.08,B,187.19,12.36,4.4,2.84,18,102.3,Moderate
163,1168,1618,9.47,PVC,222.62,D,194.09,16.86,0.89,5.68,15,28.7,Normal
164,1105,987,21.54,Aluminum,783.72,D,81.89,10.16,8.31,1.24,21,89.1,Critical
165,316,1548,26.14,Copper,614.45,D,145.73,1.51,5.86,6.71,6,88.6,Critical
166,990,1905,15.8,PVC,604.34,B,110.02,17.88,4.4,5.06,2,114.7,Moderate
167,364,1659,23.07,PVC,278.9,A,178.92,4.89,7.51,3.28,6,102.5,Critical
168,1365,1312,24.53,PVC,408.9,C,150.57,1.88,9.4,9.89,13,31.7,Critical
169,1443,1477,9.66,Aluminum,779.56,D,84.22,13.21,8.94,3.84,10,42.1,Critical
170,999,291,12.66,Aluminum,475.16,B,120.65,5.5,7.35,4.09,24,38.6,Critical
171,1258,493,21.25,Aluminum,440.56,C,38.04,9.67,2.36,8.35,22,51.1,Moderate
172,917,669,28.21,PVC,587.25,E,159.54,17.98,1.74,3.25,21,83.7,Normal
173,152,1867,27.95,Steel,454.26,A,140.94,6.13,0.98,4.09,6,-19.9,Normal
174,245,553,10.49,Aluminum,263.49,C,47.28,9.9,4.88,2.14,23,34.6,Moderate
175,1485,1843,7.62,Aluminum,597.85,A,64.82,19.74,2.56,3.93,23,62.5,Moderate
176,1211,1683,24.65,Cast Iron,558.88,D,94.43,3.77,9.31,5.12,19,45.7,Critical
177,1132,1261,28.58,PVC,577.14,A,120.63,15.81,8.33,9.02,14,72.1,Critical
178,1477,1370,8.87,Aluminum,392.54,D,195.35,3.45,9.57,6.51,8,52.9,Critical
179,580,1445,21.67,Aluminum,671.68,A,154.54,16.28,5.44,7.63,10,-37.8,Critical
180,1153,1829,11.71,PVC,464.15,C,115.63,8.06,5.44,9.07,13,-19.0,Critical
181,1191,111,4.74,Steel,668.93,B,27.54,1.93,2.79,0.43,4,79.4,Moderate
182,740,174,29.27,Copper,357.85,C,49.46,2.61,8.68,6.46,16,108.2,Critical
183,924,1196,15.81,PVC,619.3,B,173.35,5.98,3.0,6.19,20,38.5,Moderate
184,1382,1598,24.18,Copper,213.85,A,53.87,11.16,3.75,3.04,11,10.8,Moderate
185,266,658,19.99,Steel,711.63,B,99.65,2.21,8.73,1.35,8,7.7,Critical
186,750,1112,4.29,Copper,698.46,C,152.96,8.46,2.88,1.05,20,-12.5,Moderate
187,782,968,3.06,PVC,548.45,A,194.71,19.61,6.89,7.75,4,119.2,Critical
188,626,589,22.25,Steel,404.08,A,78.35,3.49,0.28,0.39,12,55.1,Normal
189,1336,1001,12.9,PVC,664.93,C,104.6,17.92,3.93,8.48,17,46.3,Moderate
190,1222,921,24.26,Steel,639.53,D,28.49,8.68,9.58,5.27,11,101.6,Critical
191,907,528,8.68,PVC,456.7,E,135.88,12.62,4.64,0.35,2,17.2,Moderate
192,472,113,19.63,Aluminum,406.15,C,118.94,13.1,1.28,4.31,4,82.8,Normal
193,286,498,9.62,Cast Iron,719.92,B,89.92,6.23,8.8,7.88,1,-24.1,Critical
194,580,1712,16.92,Steel,550.09,A,72.57,0.54,2.61,1.24,19,-27.2,Moderate
195,362,215,26.9,Copper,373.54,E,86.34,16.6,9.66,7.31,13,115.8,Critical
196,1052,1959,9.28,Copper,416.0,C,96.17,5.91,0.32,6.52,18,-26.4,Normal
197,1085,1920,15.8,Copper,487.84,D,62.82,1.95,3.19,5.38,6,99.5,Moderate
198,387,268,19.08,Steel,419.15,E,105.88,2.59,5.85,0.44,24,65.2,Critical
199,765,450,6.16,Cast Iron,719.24,B,156.88,2.89,7.81,3.87,7,-23.3,Critical
200,752,1463,13.41,Steel,316.99,D,120.79,6.49,4.38,7.04,23,69.2,Moderate
201,1110,1710,11.35,Steel,241.03,D,130.21,10.61,5.2,6.67,8,55.8,Critical
202,246,430,28.61,Aluminum,563.07,A,84.82,9.89,2.33,2.11,8,62.0,Moderate
203,1281,413,26.87,Aluminum,702.62,A,41.07,6.7,4.66,9.53,17,19.7,Moderate
204,326,891,23.49,Cast Iron,731.8,E,189.32,1.27,9.83,8.87,13,-1.5,Critical
205,1430,907,18.39,Steel,462.92,A,100.58,16.58,9.66,7.83,3,14.8,Critical
206,1262,902,11.94,Aluminum,431.75,A,92.8,10.1,3.28,1.11,19,115.0,Moderate
207,325,487,17.17,Copper,236.4,E,106.8,9.0,0.38,0.5,18,-18.1,Normal
208,441,1568,15.55,PVC,508.26,E,90.95,11.12,6.83,8.75,10,95.2,Critical
209,519,1153,26.07,Aluminum,520.7,E,19.89,18.27,5.92,0.46,15,-23.3,Critical
210,1162,1821,5.48,Steel,573.81,C,107.23,6.02,4.04,2.44,12,22.6,Moderate
211,794,1330,16.44,PVC,450.21,C,172.91,5.92,3.38,3.19,11,83.4,Moderate
212,1154,422,8.02,Steel,385.62,C,121.54,0.46,2.27,3.76,19,-2.1,Moderate
213,1191,1964,11.5,Cast Iron,300.25,D,82.62,9.34,6.02,5.25,21,51.3,Critical
214,518,1789,26.53,PVC,484.55,C,64.87,0.22,5.75,7.36,16,-3.6,Critical
215,1024,861,16.77,Copper,329.72,B,61.37,5.82,3.5,8.1,13,85.1,Moderate
216,1304,1717,6.39,Steel,619.92,A,48.71,17.5,5.18,3.16,6,-3.0,Critical
217,577,191,6.64,Steel,614.64,E,112.33,8.69,5.24,4.39,18,12.6,Critical
218,337,434,24.02,Steel,560.51,B,84.02,5.15,0.18,8.55,20,55.2,Normal
219,898,985,25.61,Aluminum,297.85,A,174.28,18.69,4.23,3.23,16,104.6,Moderate
220,473,1230,22.86,Aluminum,283.9,D,33.29,6.08,10.0,7.89,20,61.1,Critical
221,183,456,27.53,Steel,482.22,E,43.12,6.84,6.96,1.22,6,111.3,Critical
222,1320,1460,19.98,Cast Iron,494.56,C,97.17,1.31,7.4,1.4,15,51.7,Critical
223,1415,1652,23.44,Cast Iron,604.06,B,129.87,19.71,9.63,3.38,21,28.1,Critical
224,284,666,25.45,Aluminum,323.51,D,179.37,19.78,2.72,4.73,1,63.1,Moderate
225,1123,478,18.19,Cast Iron,622.33,C,197.65,17.23,5.66,2.11,13,-25.1,Critical
226,310,217,5.5,PVC,678.23,D,158.37,17.23,8.45,8.47,13,-17.3,Critical
227,1194,1659,10.51,Cast Iron,332.03,D,59.5,1.76,0.32,9.7,2,114.3,Normal
228,268,564,29.2,Copper,211.75,E,122.8,13.96,3.14,3.38,18,-26.6,Moderate
229,953,688,27.24,Copper,525.15,A,101.23,8.26,1.75,4.45,10,1.4,Normal
230,720,1113,10.01,PVC,497.95,B,63.61,10.39,8.07,0.97,5,-31.5,Critical
231,1090,1200,14.17,Aluminum,754.63,E,42.74,13.14,5.52,9.95,17,108.8,Critical
232,700,1861,21.06,Aluminum,337.4,B,155.62,14.77,0.56,6.92,7,118.6,Normal
233,283,1006,15.09,PVC,313.52,B,49.6,2.55,6.51,6.95,17,30.6,Critical
234,451,494,29.7,PVC,774.14,E,143.3,4.95,8.74,9.02,15,36.5,Critical
235,469,1195,27.12,Copper,647.08,E,65.07,10.87,2.81,9.99,16,95.5,Moderate
236,520,517,15.64,PVC,444.36,C,102.67,6.71,7.75,0.66,22,-22.5,Critical
237,1499,1138,27.63,Copper,639.81,A,145.02,11.97,4.24,8.76,24,97.4,Moderate
238,270,1640,7.35,Cast Iron,366.39,E,26.1,12.62,2.82,9.89,10,10.4,Moderate
239,902,700,25.17,Steel,669.17,D,64.93,0.25,8.53,2.58,1,-31.6,Critical
240,257,622,23.21,PVC,734.22,B,151.2,13.51,7.64,6.62,14,9.8,Critical
241,1115,1356,20.62,Steel,753.1,C,168.94,15.6,2.95,7.51,10,-1.8,Moderate
242,951,1072,24.6,Aluminum,552.25,A,177.82,2.46,7.26,3.49,10,92.3,Critical
243,948,986,8.47,Copper,570.77,C,66.15,1.99,8.86,4.4,17,87.7,Critical
244,1107,609,4.8,Steel,551.09,E,132.98,10.65,5.46,1.15,3,-38.0,Critical
245,319,952,20.09,Aluminum,547.71,E,27.92,8.85,5.63,9.92,8,7.5,Critical
246,1498,1030,13.07,Copper,293.49,E,31.25,5.74,1.02,8.82,20,49.5,Normal
247,673,292,11.23,Steel,781.23,A,72.1,18.22,2.59,8.93,14,69.6,Moderate
248,613,731,26.35,Copper,600.24,B,149.4,7.34,3.33,1.9,22,118.2,Moderate
249,833,1035,3.89,PVC,293.39,C,51.5,5.13,7.41,3.85,23,72.0,Critical
250,802,1636,12.79,Cast Iron,421.97,B,43.27,4.87,4.19,8.86,17,-26.0,Moderate
251,956,960,5.96,Copper,388.26,C,107.82,9.32,7.62,1.28,2,0.9,Critical
252,618,783,19.74,Copper,549.56,A,117.78,0.41,0.65,9.56,5,14.0,Normal
253,811,1663,27.99,Cast Iron,234.58,E,199.37,13.99,3.72,7.78,22,61.1,Moderate
254,98,137,24.26,Steel,388.16,D,30.02,17.71,3.13,0.54,15,104.1,Moderate
255,937,1188,9.37,Steel,516.35,C,131.45,14.08,8.98,4.59,7,46.9,Critical
256,752,1400,8.25,PVC,611.4,C,121.98,6.65,6.63,5.68,21,-17.5,Critical
257,404,867,7.91,Copper,679.83,C,38.88,14.54,6.35,1.48,19,50.7,Critical
258,577,771,9.79,Cast Iron,438.2,B,103.71,2.9,8.14,9.95,20,22.5,Critical
259,522,1781,10.27,PVC,247.07,E,95.81,18.88,8.83,0.24,22,95.2,Critical
260,517,759,13.03,PVC,574.9,B,105.29,17.3,0.24,4.05,14,26.5,Normal
261,660,204,24.19,Steel,732.61,A,15.2,10.68,6.3,1.51,8,-39.2,Critical
262,1321,1603,20.8,Aluminum,420.7,E,41.59,18.55,8.32,1.76,23,25.1,Critical
263,994,1081,7.19,Steel,343.95,A,52.95,13.0,5.48,7.53,13,34.5,Critical
264,253,1976,3.15,PVC,486.05,D,145.75,16.89,9.99,2.9,1,-32.5,Critical
265,352,460,12.34,Aluminum,689.59,D,21.81,6.98,4.25,7.02,18,31.6,Moderate
266,1001,106,8.02,Steel,634.69,C,117.26,0.76,6.92,2.17,7,20.9,Critical
267,1104,701,9.3,PVC,349.93,D,97.37,3.18,0.61,4.87,7,-22.9,Normal
268,448,820,17.18,PVC,624.59,D,35.16,11.41,0.31,3.15,11,23.1,Normal
269,479,1285,15.42,Steel,686.67,E,50.84,0.5,3.08,7.85,1,93.3,Moderate
270,172,1145,5.03,Cast Iron,700.76,B,151.82,13.79,3.09,8.79,21,81.0,Moderate
271,448,1659,17.56,Steel,228.62,E,122.36,9.05,7.09,7.96,8,-13.0,Critical
272,596,1990,24.4,Cast Iron,745.99,C,56.32,7.02,4.03,0.41,12,33.2,Moderate
273,410,1587,9.74,Steel,572.03,B,44.17,1.97,2.25,4.0,14,108.8,Moderate
274,979,1991,12.14,PVC,424.67,C,166.91,13.54,8.83,2.64,13,119.6,Critical
275,1158,419,29.87,Cast Iron,359.73,E,47.44,0.64,9.66,2.62,23,-17.1,Critical
276,677,690,4.44,Cast Iron,269.67,B,89.56,0.74,3.82,6.39,23,-20.3,Moderate
277,884,1922,19.67,PVC,507.83,E,33.51,0.68,0.73,7.24,4,23.9,Normal
278,518,1347,29.02,Aluminum,631.83,D,70.96,15.96,3.26,9.3,21,119.5,Moderate
279,65,947,18.86,Copper,739.09,C,63.41,14.21,3.47,8.05,8,-24.4,Moderate
280,1495,1232,9.66,Steel,493.27,C,59.07,13.58,1.81,9.63,7,104.3,Normal
281,1035,306,21.6,Cast Iron,565.99,D,23.27,16.91,9.33,8.66,13,36.4,Critical
282,543,1003,21.64,Steel,229.1,D,65.34,5.0,0.44,5.66,17,-16.4,Normal
283,994,732,8.3,Aluminum,348.98,A,44.73,0.73,5.64,6.22,17,70.7,Critical
284,360,219,24.84,Aluminum,437.13,B,101.4,17.97,9.42,1.12,23,103.5,Critical
285,1235,967,8.92,Aluminum,561.99,B,75.89,12.83,7.83,7.91,24,64.0,Critical
286,932,628,20.46,Steel,609.41,A,46.9,2.36,1.26,2.56,21,-21.5,Normal
287,238,1165,5.18,Steel,765.4,B,15.28,19.28,1.53,7.17,1,55.2,Normal
288,1435,1543,4.02,Cast Iron,400.27,E,76.71,16.74,4.01,6.04,4,-13.1,Moderate
289,1081,836,6.69,Aluminum,668.27,B,180.76,12.64,7.43,6.9,1,-18.1,Critical
290,384,1775,5.77,Cast Iron,401.45,D,37.86,11.49,2.36,0.04,2,-38.9,Moderate
291,1003,787,22.14,Copper,557.69,B,65.63,12.82,1.87,6.54,19,2.8,Normal
292,1206,938,6.19,Copper,215.1,B,65.87,18.73,6.6,3.06,11,-22.1,Critical
293,294,1938,9.87,Cast Iron,679.65,C,22.23,11.93,4.69,4.7,9,11.5,Moderate
294,1218,1688,28.55,Aluminum,392.33,E,72.12,13.92,7.95,2.34,5,67.9,Critical
295,587,1684,22.69,Copper,400.09,C,121.07,18.39,6.22,3.2,18,71.7,Critical
296,1284,1587,3.06,PVC,263.96,B,98.48,14.72,3.87,7.26,20,34.4,Moderate
297,304,993,3.59,Cast Iron,411.24,D,194.34,16.5,4.72,1.65,18,39.2,Moderate
298,1341,667,22.77,Aluminum,283.4,C,12.23,16.61,7.17,1.16,12,105.0,Critical
299,802,496,21.68,PVC,291.04,B,79.18,7.14,7.13,4.76,23,81.3,Critical
300,704,951,26.85,PVC,442.84,C,48.74,9.95,3.02,5.27,18,8.7,Moderate
301,1317,471,6.69,Aluminum,673.32,C,172.13,14.33,6.9,5.26,11,104.7,Critical
302,108,276,13.01,Copper,559.7,D,171.08,11.07,7.75,4.47,7,33.7,Critical
303,1416,1108,8.24,Copper,794.89,A,84.82,15.47,0.45,7.28,23,113.5,Normal
304,367,733,14.14,Cast Iron,514.15,B,31.31,15.03,0.55,2.34,11,-27.7,Normal
305,605,1283,4.52,Aluminum,684.42,C,199.22,14.05,5.24,4.37,24,46.6,Critical
306,143,228,21.24,Aluminum,495.7,C,58.78,16.09,5.87,4.66,17,13.4,Critical
307,335,1522,9.82,PVC,789.58,E,50.2,18.8,6.97,8.24,20,97.1,Critical
308,71,107,25.68,Aluminum,553.88,C,117.65,15.39,2.94,1.23,18,96.9,Moderate
309,1120,244,19.49,Copper,231.38,D,181.1,2.58,8.53,2.79,12,84.6,Critical
310,758,1391,25.58,Steel,564.66,E,53.48,12.89,5.03,9.31,18,-35.0,Critical
311,654,492,29.61,Steel,721.8,E,141.83,6.02,4.68,1.95,14,92.3,Moderate
312,739,497,17.62,Steel,206.77,E,40.7,9.7,7.01,3.68,21,51.9,Critical
313,1115,759,15.25,Aluminum,439.32,D,169.82,5.23,2.59,9.02,15,40.5,Moderate
314,951,1858,13.46,Copper,787.39,D,109.43,16.22,3.36,4.53,22,22.3,Moderate
315,776,769,26.4,Aluminum,780.72,E,12.78,7.97,8.8,8.07,24,44.6,Critical
316,556,1710,12.43,Cast Iron,371.11,A,42.87,2.89,9.89,0.33,18,97.2,Critical
317,1295,645,23.3,Cast Iron,575.89,B,103.22,17.26,4.32,2.97,12,-5.9,Moderate
318,1348,366,7.43,Aluminum,672.13,B,110.17,6.7,7.46,4.84,2,62.4,Critical
319,1446,1839,29.22,Copper,666.55,C,155.5,3.99,6.31,7.79,11,-6.0,Critical
320,1411,1323,12.07,Copper,433.84,A,149.49,0.51,7.66,7.92,1,76.9,Critical
321,965,322,6.31,Steel,628.75,E,40.46,18.7,1.06,0.91,18,-28.0,Normal
322,716,1711,18.43,Steel,368.39,E,109.54,1.39,6.89,1.92,23,91.8,Critical
323,864,1089,27.59,Copper,255.62,E,48.17,4.51,5.13,1.16,7,118.2,Critical
324,1329,1677,29.09,Aluminum,627.17,A,89.2,4.89,0.22,9.14,2,-12.6,Normal
325,1363,533,27.65,Aluminum,505.7,D,170.04,19.53,0.48,4.9,24,102.2,Normal
326,859,307,19.13,Steel,289.11,D,133.29,14.29,8.87,3.67,13,54.9,Critical
327,989,1307,12.75,Steel,752.64,A,63.53,13.07,4.72,5.3,15,104.1,Moderate
328,327,681,7.19,Copper,546.93,C,169.27,10.61,4.01,8.13,13,37.7,Moderate
329,944,257,21.48,Steel,301.01,D,64.76,12.75,7.72,9.85,18,36.1,Critical
330,171,104,5.61,Cast Iron,360.03,B,151.38,19.95,6.94,4.46,8,-14.7,Critical
331,811,1331,23.51,PVC,643.2,B,196.71,5.52,2.43,1.04,21,14.3,Moderate
332,953,1017,5.23,Cast Iron,639.6,C,159.75,16.92,5.32,9.7,24,-38.1,Critical
333,700,1082,17.72,Steel,384.42,C,49.02,13.07,1.24,0.45,13,8.9,Normal
334,1262,954,21.96,Steel,580.04,D,175.63,12.75,0.21,4.42,6,29.1,Normal
335,1053,1858,15.75,Cast Iron,677.67,D,90.63,17.19,3.84,0.94,1,37.8,Moderate
336,416,822,14.88,Steel,517.22,B,186.91,12.78,7.31,9.19,24,71.9,Critical
337,907,1962,12.73,Steel,516.7,D,93.6,10.15,0.5,4.35,18,50.9,Normal
338,620,1556,15.81,Cast Iron,425.02,D,166.89,16.89,5.33,5.09,2,35.6,Critical
339,301,428,19.62,Aluminum,294.65,C,87.13,4.01,2.59,1.56,5,46.2,Moderate
340,1418,786,29.18,PVC,334.99,E,86.82,14.99,7.86,7.79,8,-2.2,Critical
341,497,423,20.05,PVC,670.79,C,164.75,9.11,1.13,2.16,7,113.1,Normal
342,859,262,8.47,Steel,421.18,A,132.57,17.2,7.53,5.49,10,-16.6,Critical
343,1002,279,14.03,Aluminum,267.7,C,29.04,2.21,0.41,4.69,8,105.0,Normal
344,733,1190,4.64,Copper,229.57,C,170.42,1.42,8.49,4.11,1,-36.9,Critical
345,611,1150,23.03,PVC,485.26,B,198.07,15.01,6.13,3.68,19,19.9,Critical
346,1432,190,14.15,Copper,434.86,C,175.21,14.06,9.39,9.0,23,98.6,Critical
347,1307,1995,22.36,Steel,659.13,E,145.79,13.52,2.34,7.96,18,104.8,Moderate
348,514,1860,8.32,Copper,552.27,E,62.59,19.44,8.79,7.62,21,-7.0,Critical
349,198,1707,6.87,Cast Iron,643.96,D,152.12,17.77,7.78,4.79,6,117.7,Critical
350,139,477,9.16,Cast Iron,431.06,B,16.88,18.6,9.7,3.77,1,96.5,Critical
351,225,1788,25.29,Cast Iron,325.03,D,115.57,3.47,6.47,7.31,8,30.6,Critical
352,691,1044,22.9,PVC,481.61,D,117.37,3.84,6.51,2.03,22,62.5,Critical
353,1149,1067,26.72,Steel,375.54,A,81.55,17.09,8.14,0.48,4,28.3,Critical
354,171,381,24.67,Copper,792.66,B,161.1,4.0,8.39,6.31,21,12.6,Critical
355,470,1032,11.46,Copper,601.01,D,140.54,13.05,1.47,2.07,22,2.0,Normal
356,674,902,16.11,Steel,299.84,C,126.97,14.85,6.79,6.62,13,67.7,Critical
357,535,1381,13.2,Steel,520.48,D,114.04,10.51,8.74,5.46,5,21.4,Critical
358,309,910,28.64,Aluminum,785.06,B,59.35,1.94,2.04,7.04,24,55.1,Moderate
359,235,1162,12.6,PVC,694.62,E,193.05,19.84,8.07,1.97,24,13.3,Critical
360,1019,181,12.73,Steel,668.75,E,10.48,10.01,3.7,5.7,5,33.4,Moderate
361,113,831,11.63,Cast Iron,722.98,D,59.84,8.41,7.42,9.62,14,-26.0,Critical
362,53,1945,15.6,Steel,645.35,A,104.4,13.61,7.79,1.97,19,81.7,Critical
363,1343,1713,21.74,Copper,760.24,B,46.96,11.65,6.97,3.85,15,21.8,Critical
364,1339,1777,14.44,Aluminum,593.63,B,77.16,14.38,0.75,5.18,23,-18.9,Normal
365,1389,1886,7.63,Steel,718.64,A,13.88,11.1,3.54,9.89,9,36.8,Moderate
366,927,1307,5.49,Copper,743.3,E,191.24,14.81,9.23,5.72,8,82.7,Critical
367,722,1495,24.77,Cast Iron,534.44,D,106.71,3.25,3.52,4.77,12,12.9,Moderate
368,968,586,7.7,Cast Iron,477.44,D,68.6,11.47,4.65,5.23,5,107.7,Moderate
369,635,1615,4.08,Copper,276.78,A,175.97,6.12,7.61,7.44,6,-9.1,Critical
370,478,148,24.63,Cast Iron,431.1,B,77.65,16.14,4.25,2.4,1,81.2,Moderate
371,1105,1252,25.63,Aluminum,441.53,B,81.66,16.78,0.25,7.34,24,-22.2,Normal
372,115,494,18.97,Copper,340.36,E,63.54,12.24,0.44,5.76,22,108.0,Normal
373,1095,1125,4.54,Aluminum,400.16,B,185.82,2.99,8.45,4.34,21,5.7,Critical
374,165,1161,12.16,Copper,207.06,C,140.84,8.94,8.96,8.34,24,77.0,Critical
375,1337,667,15.26,PVC,273.61,B,16.08,19.62,4.13,0.91,6,49.0,Moderate
376,205,903,20.83,Cast Iron,756.38,B,85.58,4.24,4.85,0.34,6,0.9,Moderate
377,281,1744,9.82,Cast Iron,751.75,A,187.27,3.23,7.73,3.25,6,-5.6,Critical
378,716,1390,20.08,PVC,654.49,C,136.97,7.94,2.05,5.66,16,71.3,Moderate
379,623,891,3.71,PVC,371.28,A,155.53,17.99,0.53,3.89,1,-37.4,Normal
380,994,1932,8.21,PVC,347.58,D,20.09,0.02,2.65,1.92,8,4.4,Moderate
381,471,820,14.07,PVC,309.9,C,90.48,17.11,6.0,7.84,21,53.5,Critical
382,394,336,4.08,Copper,508.82,A,185.63,12.95,6.49,8.05,10,62.3,Critical
383,997,298,4.43,Aluminum,781.87,A,124.89,18.62,3.87,4.17,18,-34.5,Moderate
384,1157,592,13.34,Aluminum,257.2,C,137.69,17.89,9.24,5.37,6,43.8,Critical
385,979,382,22.6,Cast Iron,357.27,B,130.6,14.97,1.48,9.67,21,63.3,Normal
386,254,1163,12.33,Aluminum,555.08,B,109.77,9.5,3.58,6.42,14,-15.2,Moderate
387,1468,591,22.32,Copper,679.61,C,122.33,2.2,9.19,6.54,13,68.9,Critical
388,1305,449,23.27,Aluminum,403.21,D,13.25,18.14,5.24,8.59,1,67.3,Critical
389,506,667,23.79,Aluminum,298.31,B,134.27,11.32,0.84,0.91,13,16.9,Normal
390,397,1778,27.38,Copper,356.75,D,179.78,11.02,6.77,2.3,5,29.3,Critical
391,364,169,24.0,Steel,579.69,C,160.97,18.14,2.14,6.49,19,30.4,Moderate
392,1493,699,14.29,Cast Iron,374.0,B,63.64,12.49,3.04,5.13,9,34.9,Moderate
393,480,1077,4.63,Steel,642.74,B,196.95,16.24,2.46,9.41,10,-1.7,Moderate
394,641,1381,19.38,PVC,749.94,C,73.81,16.52,1.98,9.41,6,26.3,Normal
395,1461,1655,11.45,Aluminum,447.58,C,133.52,19.57,9.12,1.68,18,95.9,Critical
396,543,1183,7.76,Aluminum,493.51,E,116.89,0.65,0.02,3.29,2,34.2,Normal
397,776,498,7.81,Copper,426.95,E,199.31,2.0,7.07,2.54,20,69.9,Critical
398,982,679,14.4,Cast Iron,668.92,E,109.92,0.78,7.66,3.59,14,-15.0,Critical
399,633,1108,9.87,Aluminum,746.27,D,190.06,10.67,7.25,4.53,24,60.0,Critical
400,1086,738,22.52,Copper,311.28,A,176.86,12.17,5.37,2.07,19,101.6,Critical
401,950,1222,24.36,PVC,419.83,E,67.86,4.09,4.33,1.83,23,117.5,Moderate
402,994,267,4.62,Cast Iron,747.53,C,192.02,8.21,2.6,7.92,6,31.4,Moderate
403,1090,1208,14.74,PVC,580.49,E,180.96,10.12,3.55,1.28,19,87.4,Moderate
404,1390,1098,15.26,Steel,381.31,E,21.18,1.49,3.11,5.04,3,58.4,Moderate
405,621,807,28.74,Aluminum,709.73,B,162.44,12.97,0.65,5.91,19,25.2,Normal
406,684,612,20.11,Steel,547.76,B,188.94,2.49,6.77,2.69,15,-14.4,Critical
407,1099,1148,10.05,Cast Iron,495.64,D,189.17,6.46,0.75,3.02,1,8.3,Normal
408,827,419,25.9,Aluminum,406.77,D,67.68,0.83,6.03,4.48,12,50.2,Critical
409,1255,860,21.78,Aluminum,408.56,B,49.27,3.85,1.03,7.45,13,30.5,Normal
410,1201,1984,29.98,Copper,274.73,D,80.92,2.87,4.65,6.67,2,0.1,Moderate
411,1231,1998,6.11,Copper,522.65,C,169.19,0.05,4.92,3.51,10,114.0,Moderate
412,1094,1115,27.29,Aluminum,301.3,A,44.47,7.53,0.67,2.7,12,45.9,Normal
413,874,646,19.35,Copper,578.72,D,47.96,14.64,4.98,6.49,1,74.5,Moderate
414,1192,882,11.11,Copper,483.5,C,10.62,13.0,0.84,0.72,4,16.3,Normal
415,267,686,14.08,Cast Iron,397.91,A,187.47,2.45,1.54,0.78,4,56.8,Normal
416,615,1089,4.11,PVC,574.84,A,35.74,0.05,0.82,0.48,1,111.0,Normal
417,66,1209,20.23,Copper,236.63,B,165.52,0.84,7.59,9.8,24,62.4,Critical
418,659,753,14.66,PVC,796.89,E,190.35,14.17,9.63,0.18,7,51.2,Critical
419,548,248,9.52,Copper,647.97,D,68.05,2.42,9.59,4.59,24,-10.4,Critical
420,356,1168,10.47,Aluminum,359.04,A,49.8,15.5,6.99,9.35,17,-18.8,Critical
421,528,1290,8.4,Steel,500.9,A,157.4,19.96,5.8,6.78,4,39.8,Critical
422,462,286,6.18,Copper,520.0,C,34.52,14.11,8.9,3.01,20,15.8,Critical
423,590,1414,4.15,Steel,720.32,E,18.23,16.75,8.7,2.46,1,-25.6,Critical
424,497,574,19.51,Copper,585.59,D,79.94,16.85,4.74,3.88,24,-15.5,Moderate
425,117,1812,12.51,Copper,708.1,B,85.25,6.52,0.42,1.96,1,60.8,Normal
426,1287,1154,14.32,Steel,635.43,E,35.59,9.91,0.17,7.08,16,-32.6,Normal
427,822,1766,7.44,Cast Iron,221.25,D,100.82,15.44,9.23,7.15,9,-33.7,Critical
428,335,1168,6.02,Steel,529.28,E,159.41,9.15,5.59,8.65,20,119.7,Critical
429,820,1464,19.48,Steel,492.05,E,46.8,3.92,3.33,7.85,3,75.5,Moderate
430,1045,1488,13.08,Aluminum,604.74,B,56.66,6.05,7.56,8.32,16,4.3,Critical
431,1024,735,29.77,Steel,235.61,C,145.62,0.32,9.49,6.38,15,19.4,Critical
432,752,1084,17.09,PVC,538.46,E,51.41,19.49,4.63,7.18,22,-31.3,Moderate
433,1167,304,26.54,Aluminum,661.1,B,133.66,2.36,7.94,7.63,1,-15.6,Critical
434,989,472,10.68,PVC,664.59,A,72.83,8.88,8.83,9.32,9,36.1,Critical
435,971,259,24.97,PVC,570.74,A,186.27,1.17,9.53,3.97,5,80.4,Critical
436,189,664,24.71,Aluminum,517.54,C,53.89,10.24,9.11,7.11,2,82.4,Critical
437,986,1813,19.51,Copper,416.86,B,117.94,17.24,9.77,1.94,6,81.1,Critical
438,1214,233,25.88,Aluminum,630.27,B,197.53,9.63,4.09,4.01,8,67.4,Moderate
439,742,1002,8.9,Steel,659.48,A,104.39,6.4,3.08,5.83,19,34.8,Moderate
440,708,672,27.43,Steel,255.37,A,15.59,6.41,8.75,7.22,2,53.7,Critical
441,1386,755,25.36,Cast Iron,782.21,D,102.24,17.06,3.83,4.88,16,-36.5,Moderate
442,406,756,29.63,Steel,413.96,E,112.86,11.64,9.57,0.88,1,-38.8,Critical
443,82,1126,24.83,Steel,452.85,B,77.45,14.81,2.28,0.97,20,73.1,Moderate
444,535,1618,4.05,Cast Iron,202.35,E,199.29,16.92,2.06,9.29,21,5.0,Moderate
445,1499,571,8.38,Copper,648.56,A,188.23,10.39,4.42,8.39,7,94.3,Moderate
446,1441,644,29.56,Cast Iron,307.43,C,87.55,10.47,1.0,4.16,23,-25.9,Normal
447,1206,240,11.06,Copper,313.71,D,150.99,2.84,3.59,2.94,10,62.3,Moderate
448,1140,1877,25.51,Steel,436.6,A,162.18,9.58,3.95,5.3,17,-1.0,Moderate
449,1119,1876,28.09,Copper,636.58,D,199.35,19.28,7.89,8.2,8,-16.7,Critical
450,314,547,7.94,Cast Iron,341.61,A,133.65,15.66,3.85,6.16,1,-27.3,Moderate
451,212,1098,13.03,Cast Iron,308.33,D,33.91,12.28,7.71,6.28,24,48.6,Critical
452,678,1046,14.15,Steel,225.22,D,51.55,6.23,0.14,0.05,10,97.5,Normal
453,255,1861,16.39,Steel,536.89,D,162.63,16.17,1.15,3.72,20,23.0,Normal
454,1287,859,13.29,PVC,792.03,C,57.38,16.61,6.13,5.14,16,22.2,Critical
455,1473,624,19.3,PVC,483.74,B,67.31,17.45,2.6,7.7,4,16.7,Moderate
456,176,782,24.46,Cast Iron,723.68,C,95.32,15.27,1.06,9.9,14,8.3,Normal
457,1171,1339,5.04,Copper,622.46,B,82.79,4.37,1.05,8.41,1,110.3,Normal
458,1142,437,15.6,PVC,301.85,C,193.69,0.4,6.96,5.01,6,24.5,Critical
459,1454,1504,19.27,Steel,317.55,E,19.43,11.43,0.32,9.28,6,13.9,Normal
460,449,902,29.49,Steel,631.09,D,58.18,4.91,7.41,6.49,23,-15.2,Critical
461,580,546,3.88,Cast Iron,708.77,D,57.88,11.08,7.03,8.74,23,-1.2,Critical
462,915,1172,13.14,Aluminum,658.02,B,77.86,13.96,3.98,0.64,20,30.1,Moderate
463,136,289,23.69,PVC,419.87,B,52.14,17.3,4.84,8.3,21,11.4,Moderate
464,638,1888,6.26,PVC,547.07,B,139.21,11.04,4.38,4.3,15,2.6,Moderate
465,359,1074,22.54,Steel,764.1,B,84.79,18.04,1.69,0.92,5,38.8,Normal
466,1350,521,24.56,Aluminum,345.07,B,90.07,16.18,0.3,1.66,21,-19.7,Normal
467,96,453,14.71,Cast Iron,462.66,E,127.01,17.75,9.2,5.27,21,105.4,Critical
468,1448,1029,23.95,Aluminum,742.3,A,61.4,15.05,4.45,3.6,23,34.3,Moderate
469,587,1935,24.59,Cast Iron,375.58,E,47.44,11.17,7.85,6.82,17,-0.3,Critical
470,356,772,17.88,PVC,282.27,C,165.49,4.47,1.74,7.99,3,-27.6,Normal
471,414,585,24.2,PVC,539.26,A,27.47,17.21,5.99,1.82,2,115.2,Critical
472,837,1793,27.54,Aluminum,750.47,C,85.74,17.7,2.14,5.38,8,70.6,Moderate
473,132,320,5.43,Steel,577.91,D,48.2,15.93,8.66,4.16,16,18.1,Critical
474,467,584,28.04,Cast Iron,530.38,D,69.99,9.14,2.07,6.73,2,73.3,Moderate
475,180,698,16.64,Cast Iron,241.58,B,30.37,19.93,6.23,3.91,12,-25.0,Critical
476,719,776,6.59,Cast Iron,359.63,E,50.56,10.55,9.21,0.71,10,19.4,Critical
477,1386,1810,6.54,Cast Iron,702.47,C,19.98,16.28,1.5,3.56,22,117.8,Normal
478,806,372,3.29,Copper,396.6,C,119.11,2.95,9.11,6.65,3,44.7,Critical
479,1480,762,7.72,PVC,651.2,E,192.99,13.19,8.54,3.8,6,10.9,Critical
480,933,1694,29.16,Aluminum,296.46,C,32.76,10.66,7.79,2.58,12,16.2,Critical
481,1079,239,18.78,Aluminum,787.56,A,179.99,6.67,4.61,6.42,10,31.7,Moderate
482,849,1710,14.63,Aluminum,374.6,D,191.99,19.59,3.14,7.34,5,82.2,Moderate
483,1393,420,25.58,Copper,226.48,D,86.62,9.08,2.39,2.94,9,58.0,Moderate
484,1308,1389,4.96,Aluminum,279.99,A,61.58,9.95,1.78,7.56,20,-36.2,Normal
485,956,1884,27.52,Aluminum,799.52,D,189.2,0.99,7.98,4.18,1,12.5,Critical
486,766,528,9.17,Cast Iron,314.36,E,19.31,12.63,9.38,2.51,2,115.9,Critical
487,1460,744,24.18,Cast Iron,503.45,C,75.91,9.82,5.06,9.11,8,91.1,Critical
488,470,454,20.73,Cast Iron,223.44,D,31.88,5.24,3.37,7.93,22,26.3,Moderate
489,237,1960,29.4,Copper,723.69,B,184.47,9.05,9.4,8.43,11,54.9,Critical
490,1293,1935,13.67,Copper,343.33,C,61.87,13.52,9.47,7.32,16,60.2,Critical
491,1201,631,23.27,Aluminum,262.64,A,54.59,16.23,7.26,0.68,9,111.0,Critical
492,878,1637,19.28,Aluminum,557.35,E,46.45,12.67,0.27,6.62,8,87.1,Normal
493,1468,160,24.99,Cast Iron,602.6,C,185.13,18.14,9.59,6.13,19,87.3,Critical
494,914,260,11.52,Steel,798.8,B,164.58,17.79,1.07,2.69,10,29.8,Normal
495,1229,1825,24.85,PVC,583.88,E,167.43,4.3,4.01,4.75,17,-1.6,Moderate
496,1132,1046,8.53,Steel,752.37,C,41.51,6.23,6.94,7.53,5,15.5,Critical
497,105,1304,8.84,Steel,505.9,B,91.87,4.49,6.86,9.93,5,115.6,Critical
498,1289,1240,6.56,PVC,427.04,E,164.98,7.93,8.84,9.28,11,34.0,Critical
499,635,1534,25.38,Aluminum,634.02,B,184.53,2.66,2.95,6.08,17,69.8,Moderate
500,432,1576,14.23,PVC,505.14,A,65.7,7.73,6.76,3.78,1,36.2,Critical
501,1306,878,27.1,Aluminum,735.05,B,98.91,14.88,4.02,3.96,13,19.1,Moderate
502,316,1224,17.7,Steel,523.83,D,132.58,1.84,4.0,9.54,5,94.3,Moderate
503,1347,1815,21.92,Cast Iron,439.8,E,167.34,4.71,5.95,3.09,13,-19.5,Critical
504,378,795,28.43,PVC,297.04,B,132.74,16.39,4.9,3.57,8,-16.0,Moderate
505,776,650,19.88,Copper,239.87,C,22.27,19.94,8.18,8.03,6,94.0,Critical
506,314,770,23.89,Steel,614.97,C,180.08,13.88,0.04,7.49,18,-2.9,Normal
507,518,1934,29.66,Cast Iron,684.86,C,131.2,9.25,3.42,3.0,12,51.9,Moderate
508,993,745,10.32,Cast Iron,634.24,C,122.51,18.37,8.1,2.69,4,89.7,Critical
509,309,1556,21.02,PVC,217.89,E,97.68,6.55,9.96,4.79,22,-5.0,Critical
510,89,1451,9.87,Steel,630.5,C,14.59,10.82,1.91,1.34,21,39.6,Normal
511,288,296,11.19,PVC,301.2,A,194.49,16.08,7.34,2.06,3,25.1,Critical
512,546,1784,7.01,Cast Iron,221.86,C,179.86,18.58,3.9,2.13,22,3.3,Moderate
513,873,533,8.48,Copper,578.29,D,156.58,14.63,1.84,2.08,1,114.9,Normal
514,752,275,10.37,Cast Iron,361.62,A,96.39,19.17,8.56,2.8,17,20.2,Critical
515,1408,935,18.17,Aluminum,257.3,C,160.45,3.28,6.62,6.99,18,-34.7,Critical
516,1105,1892,19.11,Aluminum,511.48,D,199.8,9.09,8.26,5.72,13,99.2,Critical
517,927,565,28.31,Copper,381.79,E,197.42,7.6,2.64,7.69,2,96.3,Moderate
518,1308,584,20.74,Cast Iron,779.1,E,40.29,19.11,8.79,4.5,20,45.3,Critical
519,1204,162,26.11,Cast Iron,603.0,E,126.01,0.24,8.43,8.93,10,99.8,Critical
520,1058,1881,26.07,PVC,334.88,A,39.16,18.11,8.7,4.77,14,34.7,Critical
521,276,647,6.05,Copper,714.38,C,43.77,0.86,1.77,6.2,16,55.4,Normal
522,102,364,27.77,Steel,624.16,E,64.78,2.16,9.96,3.93,23,-19.5,Critical
523,61,1005,7.26,Steel,661.77,E,46.41,0.55,4.45,0.39,6,-20.5,Moderate
524,1426,845,15.25,PVC,429.28,A,163.81,6.35,7.24,3.31,19,73.5,Critical
525,59,1903,9.65,Cast Iron,678.24,B,62.44,18.64,8.21,8.23,7,-24.7,Critical
526,261,382,28.69,Cast Iron,316.74,C,160.17,2.56,4.78,2.39,13,114.0,Moderate
527,392,1870,22.62,Cast Iron,654.71,C,43.82,7.15,0.28,2.93,19,-21.5,Normal
528,1003,679,27.12,Aluminum,738.03,B,143.41,0.01,7.58,3.21,12,-33.9,Critical
529,61,632,3.22,Steel,260.7,B,195.04,10.26,5.98,5.39,16,83.0,Critical
530,396,1098,26.66,PVC,562.2,A,95.44,3.52,6.19,9.0,1,87.9,Critical
531,1158,721,10.42,PVC,700.42,A,119.23,16.04,6.78,5.23,13,-27.8,Critical
532,570,1407,5.63,Steel,694.98,E,52.98,18.95,0.19,7.22,21,37.3,Normal
533,568,617,11.36,PVC,301.13,D,75.73,17.28,8.48,6.87,15,-1.7,Critical
534,91,756,27.08,Steel,749.17,B,12.47,9.93,6.46,6.11,18,46.6,Critical
535,583,529,22.68,Steel,315.48,E,17.98,2.79,1.64,0.17,8,55.4,Normal
536,970,1533,21.17,Aluminum,620.6,E,127.59,4.97,1.57,4.38,20,23.7,Normal
537,1024,588,13.22,Steel,411.25,C,111.13,10.85,1.36,7.18,22,75.3,Normal
538,861,1055,12.52,Steel,338.29,B,66.78,19.51,3.51,7.83,5,112.6,Moderate
539,245,544,5.62,Copper,256.26,D,11.18,17.05,9.48,6.63,15,3.6,Critical
540,366,426,8.55,PVC,296.9,D,62.17,19.84,7.93,4.71,19,115.3,Critical
541,546,165,12.99,PVC,369.34,B,168.63,9.9,3.89,4.61,12,11.8,Moderate
542,450,617,17.0,Copper,360.59,C,149.58,0.34,9.29,6.25,24,99.2,Critical
543,947,1515,4.96,Steel,516.46,A,182.68,6.17,6.0,5.9,21,76.7,Critical
544,413,1417,22.12,PVC,516.06,E,43.73,5.34,5.91,8.87,21,-14.7,Critical
545,672,376,16.93,Cast Iron,271.9,B,23.56,2.51,4.39,6.37,8,61.4,Moderate
546,916,645,26.26,Aluminum,783.89,D,178.86,18.92,0.48,0.0,11,37.5,Normal
547,749,1411,3.71,Cast Iron,213.96,D,136.13,13.21,0.46,1.48,14,-39.7,Normal
548,341,1086,6.92,Aluminum,338.98,A,158.01,14.57,6.57,5.01,9,-15.1,Critical
549,1430,1074,13.28,Aluminum,486.98,C,57.07,4.54,6.06,6.76,14,-4.4,Critical
550,729,1080,9.55,PVC,242.56,E,182.91,5.87,3.07,0.74,20,43.4,Moderate
551,697,748,8.54,Steel,249.03,E,199.03,2.73,2.59,7.63,1,-14.3,Moderate
552,1291,1509,4.18,PVC,783.79,A,22.43,11.12,7.14,6.1,13,107.3,Critical
553,892,765,18.95,Cast Iron,605.44,B,63.19,14.15,0.2,1.4,3,81.6,Normal
554,949,1520,25.01,Aluminum,710.5,B,142.58,12.79,4.05,8.77,12,55.6,Moderate
555,793,710,26.15,Copper,609.07,B,189.51,10.15,1.67,7.57,1,71.9,Normal
556,377,1383,4.98,Steel,729.76,B,123.62,7.75,2.99,7.79,1,1.9,Moderate
557,1021,1703,12.88,PVC,317.46,C,21.12,18.62,4.07,0.85,11,17.6,Moderate
558,1075,658,13.98,Cast Iron,518.22,C,54.34,13.76,3.15,1.57,15,101.0,Moderate
559,337,490,17.44,Aluminum,636.23,E,42.67,19.11,3.03,0.26,4,-9.0,Moderate
560,1370,934,22.36,Cast Iron,651.26,E,142.73,14.69,5.24,5.37,12,70.2,Critical
561,716,1228,8.98,Steel,280.95,B,173.88,18.66,1.76,8.37,7,119.0,Normal
562,171,1941,17.0,Aluminum,544.99,C,90.98,17.32,6.44,4.07,9,34.2,Critical
563,1429,850,6.24,Cast Iron,529.53,E,155.5,7.89,1.9,8.11,20,92.2,Normal
564,1257,964,22.3,Copper,505.15,C,110.85,15.21,9.04,0.94,9,90.3,Critical
565,734,761,19.5,Cast Iron,716.04,B,167.95,0.1,3.74,9.43,16,-8.2,Moderate
566,353,1658,15.02,Cast Iron,246.08,C,126.52,5.88,6.24,8.14,1,93.5,Critical
567,142,308,7.31,Cast Iron,306.08,C,172.11,4.73,4.37,0.61,7,80.8,Moderate
568,846,1206,16.1,Steel,767.31,B,79.72,2.9,5.88,3.04,21,41.6,Critical
569,485,163,21.35,Cast Iron,759.28,C,32.28,8.01,2.35,3.06,7,-7.8,Moderate
570,908,728,28.62,Aluminum,563.14,D,121.97,18.95,4.5,0.53,6,86.6,Moderate
571,894,485,10.34,Steel,440.34,C,93.29,3.29,3.82,9.28,5,77.8,Moderate
572,222,1209,19.49,Cast Iron,430.16,E,34.86,0.32,5.97,6.53,18,-31.7,Critical
573,1136,505,8.78,Cast Iron,583.56,D,43.47,18.57,4.51,9.03,4,17.2,Moderate
574,1280,1908,12.14,Copper,681.41,C,107.31,10.53,4.33,8.18,11,42.2,Moderate
575,457,1698,27.54,PVC,416.02,C,11.6,8.09,9.02,7.33,21,-3.7,Critical
576,611,1293,6.32,Aluminum,410.57,C,197.42,15.05,2.37,9.22,13,107.5,Moderate
577,1205,991,18.56,Cast Iron,453.6,C,116.56,18.8,6.41,3.15,11,30.0,Critical
578,725,869,5.88,Aluminum,768.96,C,185.58,18.18,3.99,9.91,7,-25.5,Moderate
579,461,773,20.56,Cast Iron,659.51,A,10.53,17.67,9.09,3.59,4,101.5,Critical
580,1266,1533,12.39,Aluminum,579.09,B,82.69,8.68,8.23,3.05,18,0.1,Critical
581,1230,1718,22.38,PVC,683.59,D,62.49,0.22,4.56,5.39,5,58.5,Moderate
582,517,621,23.18,Steel,713.43,A,142.42,16.22,9.29,8.55,9,34.1,Critical
583,550,1721,26.34,Copper,722.85,B,196.36,2.44,7.08,6.09,7,31.3,Critical
584,1324,1338,23.33,Cast Iron,377.07,B,103.13,19.67,4.47,4.27,24,20.1,Moderate
585,70,1475,7.94,Cast Iron,313.19,C,75.86,14.57,2.37,3.02,4,21.8,Moderate
586,491,1852,26.08,Copper,245.23,A,100.3,18.77,5.1,6.04,9,15.1,Critical
587,1033,132,15.46,PVC,535.93,C,150.9,3.08,7.26,7.75,6,-26.8,Critical
588,455,809,13.65,Copper,387.08,B,181.77,6.56,7.56,8.96,4,84.1,Critical
589,971,486,26.37,PVC,248.97,C,57.78,12.19,3.27,3.37,6,31.1,Moderate
590,421,1885,10.39,Aluminum,619.72,D,82.78,5.42,0.12,3.95,12,-20.7,Normal
591,486,142,19.72,Aluminum,578.44,E,169.61,1.92,8.05,1.07,20,-7.8,Critical
592,1113,1604,28.74,Steel,629.15,E,149.71,2.5,9.0,0.56,19,37.5,Critical
593,297,1912,17.78,Aluminum,216.64,B,101.41,16.08,4.96,5.02,10,42.6,Moderate
594,1402,138,28.55,Cast Iron,680.59,C,122.87,17.35,8.77,7.41,23,-35.0,Critical
595,243,1980,13.6,Copper,302.08,B,81.24,18.46,0.04,4.2,2,9.3,Normal
596,1442,1188,13.58,Steel,745.45,E,107.07,3.19,8.26,3.86,4,78.5,Critical
597,342,1045,22.17,Copper,653.18,B,104.26,8.01,1.5,1.84,4,102.8,Normal
598,1287,1373,18.45,Copper,383.21,A,191.87,9.05,2.37,2.76,24,47.0,Moderate
599,1137,1044,25.75,Aluminum,435.71,A,116.46,19.7,8.67,2.88,14,27.0,Critical
600,280,674,15.5,Copper,342.57,D,176.1,14.11,6.03,4.6,20,88.1,Critical
601,599,1305,6.12,Aluminum,503.61,D,144.37,8.37,6.56,9.01,18,103.5,Critical
602,1234,524,27.27,Copper,310.41,E,117.28,11.3,3.78,2.51,22,113.6,Moderate
603,1257,1628,4.4,Cast Iron,658.5,C,94.33,11.66,8.85,5.55,7,72.0,Critical
604,643,1398,18.24,PVC,779.31,E,68.57,12.8,2.36,0.12,14,-27.5,Moderate
605,720,470,9.19,Steel,478.49,B,180.97,0.33,6.52,7.65,23,54.4,Critical
606,1166,1402,29.33,Aluminum,332.24,D,25.22,14.51,3.07,9.22,15,49.1,Moderate
607,1002,1061,29.88,Steel,665.94,C,51.4,0.98,4.71,5.44,20,83.1,Moderate
608,665,478,8.43,PVC,793.84,B,22.74,0.16,7.5,5.37,22,87.6,Critical
609,515,1441,19.96,Cast Iron,473.66,D,25.16,2.08,1.75,6.98,24,15.5,Normal
610,1055,324,18.36,Steel,434.59,B,42.07,6.58,7.92,2.02,7,-21.4,Critical
611,484,1094,5.88,PVC,779.13,B,59.95,15.7,8.3,0.49,7,29.2,Critical
612,1401,731,4.77,Cast Iron,541.27,C,169.1,2.08,5.91,8.56,7,82.6,Critical
613,1021,145,22.69,Steel,255.77,D,96.95,7.44,6.74,6.34,14,115.2,Critical
614,725,1484,18.79,Steel,507.88,C,199.11,10.09,4.81,5.64,17,66.7,Moderate
615,1459,1106,19.28,Cast Iron,416.71,B,189.31,17.97,2.83,3.45,19,-39.8,Moderate
616,1389,703,11.38,Copper,269.2,B,100.15,17.87,4.9,2.06,23,42.2,Moderate
617,1322,1526,22.24,Cast Iron,537.33,B,67.56,16.83,5.82,7.17,22,-38.7,Critical
618,1488,1314,19.7,Steel,433.72,E,123.8,9.34,1.98,8.33,17,55.9,Normal
619,1247,237,5.96,Copper,279.01,B,53.5,19.92,7.76,8.53,19,116.1,Critical
620,983,195,17.77,Steel,303.92,E,187.43,4.11,3.61,1.71,8,58.8,Moderate
621,806,359,8.47,Copper,570.13,B,152.45,12.34,4.94,0.68,18,73.4,Moderate
622,445,1922,22.95,Copper,674.4,B,86.24,9.85,4.06,5.77,11,-36.0,Moderate
623,253,789,14.25,PVC,592.96,A,189.71,5.47,7.03,7.08,13,76.2,Critical
624,478,683,9.1,Cast Iron,359.27,E,30.16,0.13,4.92,0.48,21,14.5,Moderate
625,106,1975,27.45,Aluminum,474.34,C,105.7,0.85,9.88,4.59,5,44.1,Critical
626,1493,1155,14.69,Copper,217.57,E,36.46,12.55,9.54,2.64,16,40.0,Critical
627,1423,917,9.94,Copper,620.51,E,57.7,6.21,6.05,9.12,1,115.8,Critical
628,1159,1489,27.55,PVC,210.89,A,88.14,13.38,5.4,4.43,22,111.4,Critical
629,405,814,9.41,Cast Iron,780.13,E,98.67,14.56,4.98,8.49,11,106.0,Moderate
630,546,968,25.47,Steel,608.34,E,103.66,11.42,6.43,0.51,7,113.4,Critical
631,341,1309,11.02,Cast Iron,615.42,B,17.26,1.07,7.27,6.17,10,103.2,Critical
632,1326,141,21.38,Copper,371.34,B,110.49,0.19,6.64,9.1,16,-27.3,Critical
633,345,1205,8.98,Copper,229.28,A,82.48,19.25,4.67,5.68,23,-16.7,Moderate
634,763,400,13.21,Aluminum,277.0,D,118.21,5.11,5.54,6.81,18,42.2,Critical
635,1109,1534,3.25,Copper,699.11,B,78.39,17.38,0.76,8.34,19,30.8,Normal
636,588,110,18.59,PVC,541.62,A,170.8,17.81,3.96,1.06,15,101.7,Moderate
637,675,1739,9.52,Aluminum,437.58,C,56.79,12.95,6.94,5.5,14,66.5,Critical
638,1472,1397,22.75,Copper,402.43,B,124.03,6.15,6.89,5.97,9,60.0,Critical
639,1144,1947,13.23,Steel,678.52,D,27.54,3.41,3.38,0.08,17,8.7,Moderate
640,1368,445,19.16,PVC,684.52,C,196.63,8.45,8.71,1.11,24,83.4,Critical
641,836,1424,24.88,Aluminum,688.03,B,141.38,10.66,3.99,3.83,2,-29.7,Moderate
642,79,1968,14.11,Aluminum,374.19,C,116.74,11.66,8.83,8.47,6,57.4,Critical
643,906,879,15.94,Steel,778.07,A,43.96,1.72,9.81,2.68,11,3.8,Critical
644,1187,301,6.82,Steel,479.34,C,12.2,17.0,5.86,0.61,19,-33.3,Critical
645,1368,990,19.68,Copper,210.52,C,140.61,14.84,6.3,4.46,2,22.4,Critical
646,1492,367,5.17,PVC,470.95,A,162.02,8.08,9.28,5.74,16,17.4,Critical
647,842,1699,3.7,Steel,344.09,A,31.78,5.59,4.67,7.42,24,63.1,Moderate
648,453,912,13.48,Steel,384.77,C,76.37,16.13,4.18,1.01,15,105.4,Moderate
649,1284,958,13.81,Aluminum,776.69,C,169.81,1.34,9.79,6.1,11,50.2,Critical
650,824,1300,29.79,Steel,634.58,C,168.14,0.43,4.14,5.83,19,-2.3,Moderate
651,103,1088,3.37,Copper,720.01,D,93.98,14.8,1.31,6.75,20,83.6,Normal
652,563,719,6.57,Copper,700.19,C,182.97,17.42,0.14,3.57,4,12.0,Normal
653,1168,884,26.82,Cast Iron,376.52,B,74.83,14.02,5.14,0.68,24,-24.1,Critical
654,1246,1956,26.87,Aluminum,484.7,E,60.36,11.63,0.07,7.26,22,-13.9,Normal
655,407,1192,8.83,PVC,241.22,D,93.07,0.5,0.01,7.8,12,80.1,Normal
656,438,1440,7.21,Copper,656.58,D,186.41,1.07,3.76,6.76,16,82.0,Moderate
657,902,759,16.38,Copper,328.56,C,93.59,10.97,0.65,0.51,8,88.5,Normal
658,475,173,28.01,Cast Iron,723.03,C,134.8,14.33,9.0,1.7,18,93.5,Critical
659,1295,877,20.59,PVC,620.84,B,78.8,15.47,3.39,4.92,15,6.4,Moderate
660,182,204,22.28,Aluminum,464.47,D,54.02,19.01,6.65,7.34,5,19.2,Critical
661,983,232,21.0,Copper,639.45,E,175.96,3.19,4.76,5.86,2,76.7,Moderate
662,369,1239,15.09,PVC,240.19,B,54.37,14.93,9.61,0.36,8,-0.3,Critical
663,687,1066,25.8,Cast Iron,264.36,C,161.79,11.29,1.43,0.46,2,59.0,Normal
664,871,1078,8.45,Aluminum,223.44,C,20.65,8.4,4.72,8.81,12,-5.5,Moderate
665,1138,1652,8.34,PVC,316.56,C,49.28,4.41,8.4,5.92,1,-15.5,Critical
666,1408,1633,22.47,PVC,462.84,B,107.75,7.24,4.59,8.08,17,16.5,Moderate
667,1154,832,25.66,Cast Iron,406.43,A,33.04,10.67,3.88,9.29,9,-26.9,Moderate
668,1295,1924,10.52,Aluminum,458.79,E,184.29,17.61,7.98,7.42,23,28.1,Critical
669,136,668,3.29,Cast Iron,648.57,C,131.64,8.99,8.0,5.22,15,-25.9,Critical
670,421,1544,10.36,Cast Iron,285.13,D,55.41,4.57,9.83,2.73,20,34.4,Critical
671,218,630,12.0,Aluminum,215.76,D,190.63,12.36,2.3,1.78,3,-35.1,Moderate
672,592,907,19.4,Cast Iron,503.2,B,164.11,13.12,2.32,4.63,21,95.6,Moderate
673,280,1146,20.41,Aluminum,477.07,D,66.08,11.01,8.39,8.71,17,115.6,Critical
674,617,1008,17.15,PVC,315.31,C,22.56,2.26,8.51,8.06,8,19.2,Critical
675,1011,884,13.65,Cast Iron,675.52,D,92.82,19.04,1.39,1.07,24,50.3,Normal
676,152,1485,3.07,Cast Iron,421.43,E,15.81,15.76,7.18,8.65,13,110.6,Critical
677,1286,611,26.55,Steel,452.02,B,129.3,1.49,2.72,0.85,9,-5.3,Moderate
678,894,1037,19.89,Aluminum,745.58,B,136.22,13.64,1.77,7.57,11,7.1,Normal
679,976,264,29.37,Cast Iron,282.07,D,41.6,11.13,9.91,6.4,18,-30.4,Critical
680,1257,454,17.88,PVC,586.91,A,141.95,8.06,0.1,3.02,2,70.3,Normal
681,1394,795,6.7,PVC,432.51,C,192.37,14.83,3.53,1.91,21,98.1,Moderate
682,677,988,18.84,Cast Iron,240.19,A,20.61,2.99,4.03,6.51,3,48.2,Moderate
683,404,1952,11.86,Cast Iron,584.87,D,87.34,4.96,1.96,5.45,19,1.6,Normal
684,1127,763,9.99,Copper,201.16,C,45.7,4.07,3.34,4.96,7,66.9,Moderate
685,118,732,25.95,Cast Iron,263.26,B,46.11,3.16,9.43,0.55,21,103.5,Critical
686,787,1700,5.51,Aluminum,507.71,D,38.57,6.19,5.59,5.98,16,33.7,Critical
687,1149,754,15.23,Steel,476.3,B,15.97,3.87,0.0,7.46,9,62.1,Normal
688,910,1435,22.0,Copper,724.77,C,171.1,0.58,0.02,1.39,6,86.3,Normal
689,399,276,12.25,Steel,312.38,B,199.72,2.15,4.03,7.98,13,116.4,Moderate
690,726,1716,11.46,PVC,476.85,D,119.14,11.76,2.3,6.14,13,86.4,Moderate
691,82,1014,17.05,Copper,620.78,E,33.82,15.46,1.27,3.3,9,-22.4,Normal
692,1374,389,20.05,Copper,550.38,E,54.99,8.29,3.08,7.11,12,110.9,Moderate
693,501,1078,6.05,Copper,351.79,D,23.16,10.54,0.09,9.45,4,-16.9,Normal
694,1142,273,25.72,Steel,600.64,B,161.55,17.7,8.38,8.47,21,-34.0,Critical
695,420,775,4.2,PVC,607.88,D,135.36,17.43,3.62,4.5,18,101.7,Moderate
696,1025,1212,5.0,Cast Iron,631.45,A,97.48,3.14,9.97,4.04,15,55.6,Critical
697,902,714,12.85,Cast Iron,717.28,D,164.65,18.91,2.82,2.09,11,90.2,Moderate
698,1331,576,17.84,Aluminum,581.71,B,80.48,5.13,6.96,9.31,1,-21.4,Critical
699,385,1520,26.33,Copper,738.39,E,71.53,0.54,0.89,4.42,14,97.6,Normal
700,1468,1427,3.6,PVC,725.11,D,140.6,1.23,3.69,2.7,18,18.5,Moderate
701,790,1250,12.92,Steel,367.94,E,43.04,10.26,4.71,0.6,21,89.6,Moderate
702,628,363,26.98,Cast Iron,751.53,A,18.4,11.59,5.89,9.89,7,65.7,Critical
703,910,1466,11.27,Copper,686.29,C,55.61,8.5,0.93,8.74,18,41.6,Normal
704,237,716,26.85,PVC,771.34,B,175.83,12.63,7.06,2.12,22,91.0,Critical
705,255,852,5.43,Aluminum,438.63,C,113.42,1.52,5.31,4.05,13,69.7,Critical
706,1113,1625,14.05,Cast Iron,591.29,B,135.28,3.49,5.1,0.17,5,88.5,Critical
707,740,1314,18.0,Copper,498.36,E,36.66,2.22,4.52,5.88,21,-0.4,Moderate
708,243,783,15.32,Cast Iron,383.6,B,133.58,4.39,5.3,3.89,18,114.5,Critical
709,79,1565,10.15,Cast Iron,414.39,E,187.87,9.0,2.48,8.64,7,39.1,Moderate
710,1058,521,13.53,PVC,480.69,B,18.61,11.18,5.14,1.15,15,35.9,Critical
711,1017,1918,24.27,Cast Iron,304.9,E,154.78,13.59,8.94,2.47,24,12.1,Critical
712,1023,192,28.22,Copper,567.47,B,37.67,14.91,0.58,7.85,18,-11.5,Normal
713,1165,1303,27.03,Steel,726.12,B,190.66,15.78,1.01,5.78,14,66.9,Normal
714,780,485,9.29,Copper,472.85,B,161.07,9.8,2.5,4.21,23,105.3,Moderate
715,1098,828,7.93,Steel,642.26,B,74.91,11.71,7.42,4.08,15,65.8,Critical
716,1151,722,8.58,Aluminum,532.26,C,44.77,8.53,2.38,9.14,1,-21.7,Moderate
717,216,1089,19.06,Aluminum,215.17,A,13.74,19.73,7.74,6.91,12,16.0,Critical
718,525,1892,28.73,Cast Iron,455.75,A,105.88,13.66,7.44,5.43,1,69.9,Critical
719,373,1261,16.29,Aluminum,320.58,A,118.37,17.64,1.98,5.71,19,56.9,Normal
720,445,245,15.21,Copper,481.31,B,165.04,12.39,3.03,7.67,17,108.2,Moderate
721,1240,1254,7.58,Copper,511.47,D,79.62,13.8,2.53,4.0,22,-15.3,Moderate
722,444,1258,27.24,Aluminum,369.07,D,187.08,16.24,7.0,6.18,1,22.7,Critical
723,397,956,26.88,Cast Iron,439.46,D,135.49,7.95,1.37,6.64,22,23.9,Normal
724,349,1782,13.47,Cast Iron,618.68,B,198.65,5.84,6.48,3.91,18,2.8,Critical
725,85,312,22.53,Copper,467.79,B,36.81,5.43,5.8,7.9,3,-0.6,Critical
726,546,968,11.96,Aluminum,708.8,E,142.51,0.55,3.27,0.43,7,-5.2,Moderate
727,851,256,20.31,Aluminum,294.74,B,85.28,3.3,4.57,0.29,3,-16.0,Moderate
728,605,941,17.47,PVC,248.24,E,90.0,17.67,0.84,8.1,14,49.4,Normal
729,67,1901,7.37,PVC,259.43,B,147.77,10.93,6.04,2.09,11,63.6,Critical
730,646,1405,24.52,Copper,325.25,E,154.03,10.93,5.85,0.01,23,116.1,Critical
731,1470,980,17.72,PVC,234.33,B,62.34,5.63,2.19,5.75,15,1.6,Moderate
732,270,222,27.04,PVC,582.36,D,176.2,10.13,1.72,9.47,23,57.8,Normal
733,455,1327,6.66,Cast Iron,506.32,B,85.47,19.87,3.41,7.84,23,35.9,Moderate
734,1211,197,21.23,Steel,294.15,D,79.54,10.46,8.38,8.25,18,-16.0,Critical
735,783,989,29.78,Steel,399.94,B,63.96,1.12,3.36,8.86,3,-4.6,Moderate
736,989,181,3.86,PVC,350.03,E,21.52,1.68,5.23,6.95,15,85.3,Critical
737,1244,821,7.17,Cast Iron,206.89,C,198.58,11.19,6.96,0.54,1,-20.3,Critical
738,1359,567,20.61,Copper,634.01,C,81.87,6.55,6.54,1.23,7,11.4,Critical
739,1412,251,25.03,PVC,752.29,B,121.75,0.58,5.09,5.27,7,42.4,Critical
740,1306,1034,29.94,Cast Iron,398.17,C,190.96,19.66,2.73,4.06,24,31.6,Moderate
741,620,184,18.34,Steel,710.98,E,136.93,10.62,0.59,1.79,11,119.6,Normal
742,1060,649,6.22,Aluminum,478.59,E,76.8,11.59,7.06,6.14,21,-29.0,Critical
743,653,1057,13.74,Cast Iron,513.56,D,159.36,10.26,7.82,9.94,3,23.9,Critical
744,616,1598,7.18,Aluminum,247.63,A,20.39,6.41,8.83,0.92,19,102.5,Critical
745,1041,499,3.08,Steel,560.02,C,11.64,7.76,7.54,3.61,17,76.5,Critical
746,1050,1899,17.89,Cast Iron,311.2,E,71.25,3.03,4.89,8.37,10,27.5,Moderate
747,1124,1759,28.66,Copper,792.08,C,111.71,8.16,5.76,9.67,14,3.0,Critical
748,1245,751,22.28,Steel,650.25,C,141.54,4.28,7.71,2.88,23,-14.2,Critical
749,1160,1751,25.52,Aluminum,457.71,B,44.8,6.47,9.5,5.28,9,26.1,Critical
750,805,240,11.94,Copper,567.66,D,26.22,5.74,2.82,4.34,9,-24.3,Moderate
751,415,272,17.33,Aluminum,505.77,B,49.39,3.18,8.49,7.15,18,101.3,Critical
752,1285,346,17.53,Aluminum,445.55,C,92.59,6.21,4.14,1.56,23,87.3,Moderate
753,869,904,11.37,Copper,506.48,C,198.16,3.27,9.73,1.7,24,13.5,Critical
754,272,609,10.57,Cast Iron,486.37,A,12.38,12.92,3.08,4.63,4,112.6,Moderate
755,522,1820,9.38,PVC,312.04,B,183.08,8.9,4.05,2.58,5,-18.3,Moderate
756,1297,1565,26.72,Steel,242.69,E,62.46,6.33,5.0,1.99,16,-29.8,Moderate
757,972,1714,24.28,Steel,356.58,A,48.09,18.4,3.51,7.71,16,119.5,Moderate
758,1246,1901,20.9,Steel,571.78,A,195.31,6.41,3.83,8.5,10,40.3,Moderate
759,939,337,12.89,Aluminum,226.73,E,62.49,18.58,6.49,9.74,14,-6.7,Critical
760,590,371,25.38,PVC,374.09,E,15.05,3.32,3.38,4.08,5,52.7,Moderate
761,1461,1367,12.37,Copper,365.58,C,196.83,10.93,4.08,3.95,15,2.3,Moderate
762,252,1695,21.67,Aluminum,256.39,D,160.94,10.03,3.24,2.33,24,-4.6,Moderate
763,1293,1953,6.55,Copper,337.89,E,199.25,12.99,9.77,1.0,14,120.0,Critical
764,723,346,17.92,Steel,697.02,C,25.93,19.58,2.75,6.98,3,92.1,Moderate
765,754,1623,25.37,Cast Iron,548.33,C,194.19,19.52,4.6,3.83,21,84.4,Moderate
766,116,1456,13.01,Cast Iron,672.73,A,33.91,4.87,6.52,4.47,5,-28.9,Critical
767,526,374,24.19,Copper,507.55,B,188.72,9.89,3.11,7.56,18,94.9,Moderate
768,1272,1015,10.71,Aluminum,336.01,B,180.56,11.07,2.31,2.76,18,37.4,Moderate
769,599,296,20.16,Cast Iron,469.71,D,80.14,0.37,0.24,2.63,9,55.4,Normal
770,1382,1461,27.06,Steel,608.99,B,113.52,15.06,8.05,9.79,2,-14.2,Critical
771,1051,280,21.09,Aluminum,423.38,B,161.12,7.44,9.01,0.42,15,-38.0,Critical
772,890,1581,7.39,Copper,304.54,C,45.18,0.85,6.49,3.61,4,-36.1,Critical
773,1265,1693,5.71,Copper,370.38,B,24.22,10.11,2.66,4.18,16,91.1,Moderate
774,158,725,6.66,Copper,522.68,E,57.63,6.11,0.41,1.74,24,74.7,Normal
775,1427,1650,11.58,Steel,483.16,A,199.91,5.25,9.31,9.74,3,67.9,Critical
776,475,1594,28.49,PVC,648.47,C,57.19,7.48,0.39,9.91,19,-4.2,Normal
777,1179,1295,9.41,Steel,791.69,D,98.81,4.37,2.72,1.68,4,52.1,Moderate
778,514,1443,17.38,Aluminum,405.0,B,119.28,9.99,0.71,0.16,23,-3.7,Normal
779,166,393,23.55,Steel,405.54,D,90.27,6.68,0.95,7.34,5,82.4,Normal
780,311,1760,25.27,Aluminum,673.57,C,41.33,7.94,8.42,2.88,23,6.2,Critical
781,952,1974,4.87,Aluminum,237.01,B,35.18,7.57,8.45,9.06,24,116.0,Critical
782,361,1080,13.83,Cast Iron,523.68,A,150.1,11.8,5.26,6.21,21,-19.8,Critical
783,1020,288,14.28,PVC,425.58,B,152.24,3.75,8.12,7.76,22,111.8,Critical
784,1095,1742,28.02,PVC,547.84,B,116.56,17.55,8.3,2.43,13,106.3,Critical
785,764,1999,18.72,Cast Iron,779.79,C,24.09,15.53,3.05,1.12,9,30.4,Moderate
786,1044,519,27.6,Steel,461.6,B,111.86,15.34,9.28,1.94,23,-4.3,Critical
787,552,1692,16.04,Steel,335.08,B,18.32,7.48,4.18,8.29,5,30.5,Moderate
788,207,107,13.02,PVC,641.91,D,168.38,18.06,9.4,5.66,7,-17.2,Critical
789,769,1354,15.89,PVC,491.17,A,140.63,4.96,2.74,4.35,5,43.9,Moderate
790,738,1427,16.68,PVC,584.91,D,95.79,13.7,1.64,5.53,9,22.3,Normal
791,841,1859,12.09,Aluminum,662.49,A,89.54,9.92,1.6,6.78,11,25.0,Normal
792,620,877,4.2,PVC,784.43,E,163.58,12.38,9.24,6.44,24,110.8,Critical
793,462,1892,15.25,Copper,545.33,C,100.04,19.58,4.1,4.46,18,-23.0,Moderate
794,1374,279,6.53,Aluminum,302.48,C,143.72,14.33,6.38,6.89,15,64.0,Critical
795,1308,1548,3.58,Steel,511.68,E,32.16,3.63,4.13,2.63,11,-6.9,Moderate
796,1331,1454,16.76,Cast Iron,226.93,D,152.3,0.19,2.44,9.81,9,29.5,Moderate
797,955,1272,16.65,Steel,347.87,B,127.42,17.43,1.78,9.33,19,53.9,Normal
798,1097,247,9.22,Copper,684.08,D,91.04,12.46,8.02,2.43,5,-17.0,Critical
799,1008,689,24.51,Aluminum,744.05,A,178.5,17.84,6.53,8.15,12,28.5,Critical
800,985,1110,18.07,Copper,561.37,D,25.96,9.25,4.52,1.35,17,22.5,Moderate
801,1013,1176,25.59,Steel,760.52,C,186.06,18.0,4.75,3.18,6,109.8,Moderate
802,821,1159,23.35,Cast Iron,418.88,D,49.55,10.27,1.89,1.98,18,43.6,Normal
803,984,1428,23.96,Cast Iron,658.14,D,194.82,10.36,2.41,9.18,5,86.0,Moderate
804,543,1277,12.82,Steel,635.35,C,150.73,12.52,4.4,7.48,15,85.2,Moderate
805,1315,762,10.0,Aluminum,351.01,E,45.1,6.46,5.74,1.1,12,101.1,Critical
806,993,745,23.88,PVC,455.01,D,164.98,1.72,7.12,2.48,18,14.8,Critical
807,676,255,25.43,Copper,598.48,D,31.97,18.34,5.64,3.76,15,91.7,Critical
808,1085,952,16.13,Aluminum,529.25,B,99.88,0.47,5.34,3.04,4,87.3,Critical
809,953,570,28.66,Aluminum,495.65,C,18.24,2.36,3.83,3.44,18,70.6,Moderate
810,1435,272,26.41,PVC,214.39,A,78.67,8.2,0.68,1.09,11,69.8,Normal
811,1112,750,24.68,Cast Iron,517.79,B,149.87,3.4,1.01,4.85,7,-29.4,Normal
812,544,143,22.28,PVC,270.49,D,49.12,16.5,1.8,8.84,12,40.6,Normal
813,604,181,14.28,Cast Iron,663.75,D,58.32,18.8,0.18,0.24,16,83.5,Normal
814,817,211,13.39,PVC,357.87,D,190.6,8.05,4.43,7.6,9,-2.0,Moderate
815,93,1938,11.93,PVC,453.71,C,112.19,13.04,2.66,2.07,13,-23.7,Moderate
816,961,1844,20.42,PVC,499.0,D,147.34,9.2,6.47,0.59,10,49.3,Critical
817,948,154,25.28,Aluminum,729.62,E,179.06,10.23,3.66,9.44,13,111.3,Moderate
818,247,1866,10.02,Aluminum,519.45,B,197.97,5.82,1.91,0.9,12,11.9,Normal
819,743,1909,14.49,Aluminum,319.12,B,30.87,18.88,7.89,8.0,13,-22.4,Critical
820,1456,1838,20.59,Cast Iron,642.6,B,140.79,16.03,9.59,2.64,16,14.7,Critical
821,92,1821,23.17,Copper,449.43,C,75.93,2.87,2.01,5.86,10,-39.6,Moderate
822,709,1438,15.48,PVC,705.92,E,198.02,5.49,2.7,8.26,4,38.0,Moderate
823,1319,1461,16.7,Copper,793.07,B,52.08,11.53,5.77,9.53,22,-34.6,Critical
824,80,1768,16.92,Cast Iron,475.67,B,156.53,16.41,7.57,0.92,15,115.2,Critical
825,1315,1530,4.72,Copper,622.63,C,100.92,18.74,9.15,2.98,5,22.8,Critical
826,256,1098,9.58,PVC,322.68,E,147.72,0.47,5.41,4.67,23,28.3,Critical
827,345,1473,9.77,Copper,293.32,E,141.39,1.08,8.06,6.77,4,-6.1,Critical
828,1460,1380,20.82,Steel,450.61,A,112.82,17.67,6.93,0.07,4,63.6,Critical
829,1368,1372,12.25,Aluminum,649.79,D,76.45,17.47,6.38,4.71,22,68.2,Critical
830,574,1098,9.66,Cast Iron,204.49,B,117.2,19.86,4.63,9.09,12,80.9,Moderate
831,1390,1798,29.01,Cast Iron,491.68,A,172.13,5.83,0.86,2.48,24,119.7,Normal
832,773,912,15.48,Aluminum,620.03,E,127.02,9.88,8.97,4.72,8,-34.0,Critical
833,911,1089,19.07,Steel,664.53,B,165.61,12.61,1.59,8.41,15,-1.6,Normal
834,274,547,3.96,PVC,329.08,D,143.45,5.63,4.23,6.73,17,-16.8,Moderate
835,345,841,29.92,Aluminum,287.37,A,79.67,6.94,1.7,1.87,1,-24.7,Normal
836,448,1614,15.69,PVC,334.47,E,39.7,14.14,0.54,8.59,6,62.5,Normal
837,451,1242,13.03,Aluminum,255.18,D,15.24,2.78,2.29,3.41,24,86.6,Moderate
838,908,1630,6.48,Aluminum,212.44,D,159.44,7.69,3.58,0.21,1,-2.1,Moderate
839,1425,1369,27.75,Steel,280.02,D,192.97,17.43,5.94,5.48,5,37.1,Critical
840,210,458,28.8,Aluminum,411.29,C,197.77,1.72,4.62,1.83,11,-4.2,Moderate
841,826,1423,14.59,PVC,245.58,E,197.0,5.47,0.63,1.17,17,-6.3,Normal
842,1089,826,29.11,Copper,260.76,B,171.38,11.69,0.39,4.7,15,69.5,Normal
843,1374,1136,19.59,Copper,288.81,C,129.62,18.44,7.35,5.01,10,73.8,Critical
844,1447,454,18.11,Cast Iron,562.55,D,90.24,15.66,7.26,2.11,12,49.9,Critical
845,261,1432,16.56,PVC,446.83,E,124.02,19.55,2.16,2.53,1,47.9,Moderate
846,195,1489,22.61,Copper,594.88,B,12.87,5.84,2.81,2.18,24,58.4,Moderate
847,1191,1468,17.38,Cast Iron,456.49,D,91.57,13.68,2.31,2.25,19,110.0,Moderate
848,994,984,26.4,PVC,425.11,A,158.36,5.79,1.97,9.8,16,89.7,Normal
849,1449,899,14.72,Aluminum,537.3,E,79.23,19.4,7.5,1.44,3,112.4,Critical
850,904,405,26.91,Steel,593.79,C,153.0,11.02,0.91,3.62,17,62.5,Normal
851,591,750,16.75,PVC,231.67,C,105.25,5.82,4.74,8.88,6,36.3,Moderate
852,1466,179,7.25,Copper,328.96,C,38.89,14.7,0.28,1.14,24,-37.5,Normal
853,1324,1069,29.96,PVC,384.48,A,189.53,5.04,5.4,3.89,2,61.0,Critical
854,751,1235,20.93,Steel,625.3,B,164.0,3.46,9.57,0.34,5,-25.7,Critical
855,1212,1922,13.19,PVC,737.81,A,47.84,10.79,6.69,8.41,23,114.3,Critical
856,262,634,29.53,PVC,220.52,E,156.42,11.82,3.09,8.26,7,102.1,Moderate
857,1231,156,3.33,Aluminum,330.84,C,171.72,15.4,9.38,0.53,1,-26.1,Critical
858,180,208,12.7,Aluminum,458.63,A,66.41,12.28,9.56,3.66,22,23.7,Critical
859,491,1516,14.51,Aluminum,697.04,D,73.71,15.18,2.25,8.11,1,-23.9,Moderate
860,111,1865,11.75,Steel,294.37,C,168.71,6.75,9.16,6.74,18,56.1,Critical
861,114,1834,22.7,Copper,683.79,E,198.69,7.22,9.24,8.34,3,-23.6,Critical
862,384,460,17.32,Aluminum,680.86,E,137.57,5.75,0.88,0.43,13,109.2,Normal
863,627,1286,24.74,Aluminum,398.51,C,186.54,4.89,1.46,9.1,3,41.6,Normal
864,194,183,24.24,PVC,411.22,A,137.29,8.63,7.39,5.53,23,7.5,Critical
865,1267,195,13.81,PVC,635.76,B,115.25,11.3,5.39,4.86,18,73.6,Critical
866,1065,948,5.5,PVC,581.67,B,179.87,1.5,5.61,5.63,1,-15.5,Critical
867,310,140,19.36,Cast Iron,307.11,E,15.81,3.75,0.7,2.81,15,-6.9,Normal
868,1029,627,5.29,Steel,356.93,E,191.67,1.15,4.16,2.37,15,-8.3,Moderate
869,1413,470,28.28,Aluminum,515.42,A,138.76,1.07,2.56,2.42,13,107.7,Moderate
870,211,758,24.38,Copper,344.55,E,61.1,10.45,5.47,2.49,3,101.7,Critical
871,419,737,22.6,PVC,545.32,A,111.39,19.9,4.32,2.2,16,-15.0,Moderate
872,134,1933,13.43,PVC,761.53,C,110.57,3.91,7.21,0.13,7,17.8,Critical
873,1311,1156,7.71,Aluminum,444.67,B,134.39,18.03,4.49,5.48,19,10.0,Moderate
874,1281,1928,23.57,Copper,700.24,D,142.7,17.0,3.18,8.52,11,89.6,Moderate
875,934,1000,13.05,PVC,645.78,E,163.36,6.05,9.12,0.22,22,112.1,Critical
876,593,129,8.75,Cast Iron,496.15,C,24.68,10.64,6.75,8.04,16,42.0,Critical
877,945,1812,21.25,Aluminum,684.97,C,185.72,1.07,1.61,4.53,12,-18.6,Normal
878,1445,1127,11.81,Copper,775.17,B,172.56,1.65,9.97,7.07,1,112.5,Critical
879,728,1445,22.16,Copper,427.01,C,141.6,10.74,8.73,1.52,18,17.7,Critical
880,263,324,16.16,Aluminum,408.48,A,145.39,16.64,7.3,1.98,11,74.7,Critical
881,512,1136,19.59,Aluminum,470.58,E,102.3,19.73,8.76,3.93,14,95.6,Critical
882,870,415,27.8,Cast Iron,645.07,A,70.31,3.16,0.13,1.99,1,32.6,Normal
883,1273,1756,28.85,Steel,282.14,A,49.08,7.48,1.9,5.1,13,39.5,Normal
884,151,1415,20.33,PVC,788.76,C,116.01,9.83,7.03,2.74,24,118.4,Critical
885,763,174,24.07,Copper,459.63,B,70.42,9.27,1.1,5.25,24,93.0,Normal
886,1138,896,24.22,Aluminum,318.01,B,53.08,17.12,0.73,6.45,10,87.0,Normal
887,360,1964,7.15,Copper,344.66,A,108.36,12.05,0.16,0.98,18,66.8,Normal
888,720,229,20.28,Copper,462.2,E,171.76,10.62,1.92,5.1,11,-18.8,Normal
889,525,1576,27.28,Copper,414.24,D,34.65,13.71,1.52,0.54,7,-10.2,Normal
890,692,1657,17.66,Steel,332.73,A,28.34,10.7,5.63,9.26,3,-20.5,Critical
891,471,507,3.54,Steel,331.05,B,115.86,1.09,4.31,8.41,22,12.0,Moderate
892,1131,449,17.29,Aluminum,584.56,B,57.06,18.63,9.67,5.35,5,27.3,Critical
893,553,1093,25.51,Steel,793.41,A,158.76,1.3,1.42,6.54,15,86.9,Normal
894,1217,772,4.28,Aluminum,567.65,B,195.47,19.24,6.58,8.9,12,44.9,Critical
895,729,702,26.24,Aluminum,591.74,C,155.34,8.06,2.6,9.15,22,8.4,Moderate
896,252,1851,26.68,Steel,428.18,E,42.69,6.25,3.69,4.91,5,86.1,Moderate
897,1345,211,22.65,PVC,735.84,C,56.47,3.3,1.38,5.99,23,56.3,Normal
898,1136,1697,21.5,PVC,243.34,E,198.93,0.93,3.45,9.21,20,35.1,Moderate
899,760,597,7.9,Steel,679.7,D,136.88,10.95,0.43,3.39,23,15.8,Normal
900,572,912,28.4,Steel,222.05,D,18.72,6.41,3.27,9.02,1,85.6,Moderate
901,93,899,15.26,Copper,442.67,C,155.01,9.66,6.71,6.45,23,41.4,Critical
902,533,379,24.61,Steel,229.52,D,102.77,5.38,8.04,9.46,21,23.7,Critical
903,1183,1977,26.51,Cast Iron,287.8,D,80.64,14.21,8.01,8.34,11,5.8,Critical
904,1393,1475,13.99,Copper,351.4,A,131.04,16.72,3.17,7.43,22,97.1,Moderate
905,1254,1947,20.12,Cast Iron,589.81,D,118.33,3.85,9.18,7.34,7,-8.9,Critical
906,89,366,7.65,Cast Iron,568.29,B,192.07,9.59,9.91,0.25,8,45.4,Critical
907,1292,819,17.19,Copper,567.01,B,170.19,9.23,5.34,2.61,16,-24.3,Critical
908,1470,727,24.87,Aluminum,459.41,C,22.52,14.61,4.38,8.46,8,-10.5,Moderate
909,1110,244,20.17,Steel,417.7,D,35.18,16.92,4.09,4.2,7,87.7,Moderate
910,1032,1045,26.96,PVC,658.63,C,140.25,2.22,1.07,2.63,9,9.3,Normal
911,98,500,5.5,Steel,721.24,A,161.54,5.31,3.86,0.3,20,35.9,Moderate
912,1422,1287,15.16,Steel,400.11,D,184.43,4.2,3.78,2.39,23,13.3,Moderate
913,1491,684,27.26,Aluminum,485.01,B,93.06,15.09,7.07,4.57,22,26.8,Critical
914,672,704,3.09,Copper,496.43,E,112.45,10.17,1.75,0.92,5,-19.1,Normal
915,1105,455,17.36,PVC,625.66,A,88.89,16.83,4.29,2.44,17,-34.5,Moderate
916,389,473,8.4,Cast Iron,592.7,E,147.4,3.23,3.45,1.64,21,83.8,Moderate
917,852,1559,22.79,Steel,309.99,E,58.26,14.67,5.79,1.01,15,23.0,Critical
918,457,764,4.41,Steel,433.27,A,49.34,16.12,9.76,3.37,2,72.6,Critical
919,1440,970,19.75,Copper,534.11,D,73.7,4.2,5.3,7.64,20,-5.2,Critical
920,717,1410,26.31,PVC,242.02,C,65.17,5.29,7.25,5.21,9,7.3,Critical
921,1445,1247,3.5,Steel,289.03,E,158.02,8.98,2.63,6.44,18,-21.9,Moderate
922,1349,1959,29.97,PVC,270.59,B,166.47,18.74,9.41,0.35,1,-9.5,Critical
923,204,811,17.82,Aluminum,411.65,B,126.49,18.37,0.33,4.31,6,88.7,Normal
924,987,1208,3.79,Steel,384.76,A,155.79,19.98,3.66,0.68,16,30.0,Moderate
925,1498,519,3.64,Steel,286.98,C,18.42,19.74,8.48,8.26,19,83.4,Critical
926,538,1540,9.4,Copper,412.31,A,153.88,2.88,4.59,3.16,17,18.2,Moderate
927,1449,1894,4.0,Steel,787.26,A,41.91,4.38,5.06,3.24,12,103.7,Critical
928,408,495,24.64,PVC,482.69,C,76.49,15.43,6.31,1.1,19,-29.8,Critical
929,53,163,27.57,Copper,442.49,E,16.18,16.44,1.58,6.12,3,-8.4,Normal
930,105,205,10.79,Aluminum,797.2,E,88.06,5.78,4.23,1.92,7,-7.2,Moderate
931,307,1170,14.97,Copper,738.56,D,143.22,18.63,6.3,2.47,20,100.9,Critical
932,1217,801,7.1,Cast Iron,686.07,E,15.18,3.4,3.32,7.19,8,79.0,Moderate
933,1184,801,7.37,Cast Iron,625.0,A,27.63,3.83,1.11,1.7,21,52.0,Normal
934,1038,427,12.78,Aluminum,275.19,A,69.65,2.77,5.11,9.52,12,11.8,Critical
935,442,1814,23.0,Steel,213.21,A,122.83,11.08,1.48,0.82,14,-19.5,Normal
936,1121,715,9.64,PVC,711.88,D,19.76,8.46,6.97,8.09,22,28.2,Critical
937,493,1922,15.23,Aluminum,409.57,C,149.61,1.31,5.63,6.36,10,-15.9,Critical
938,1182,893,15.69,Copper,333.24,C,187.88,6.32,9.1,4.59,6,83.0,Critical
939,327,1577,10.79,Cast Iron,637.23,A,84.57,16.14,4.3,8.07,6,29.7,Moderate
940,1452,1083,23.59,PVC,448.05,E,104.08,6.03,5.7,0.24,4,8.2,Critical
941,153,1420,23.76,Steel,245.54,C,76.74,15.33,6.67,2.0,13,73.5,Critical
942,889,549,29.32,Copper,396.08,A,40.64,3.95,8.0,8.05,19,-7.0,Critical
943,502,1007,10.05,Copper,225.66,C,102.24,18.25,4.2,8.69,19,92.8,Moderate
944,1467,765,9.34,PVC,212.96,A,42.24,18.5,2.36,1.8,9,79.6,Moderate
945,257,250,18.2,Cast Iron,719.39,C,15.98,3.02,0.35,1.98,9,113.3,Normal
946,832,523,7.82,PVC,495.13,A,163.67,6.73,3.96,0.04,22,-6.0,Moderate
947,235,570,4.35,PVC,651.84,E,92.88,17.28,0.9,9.88,10,-1.0,Normal
948,177,850,16.24,Copper,715.88,D,182.05,16.77,5.83,2.6,2,118.7,Critical
949,828,1012,24.37,Copper,718.18,C,135.2,19.85,4.32,2.62,5,-28.4,Moderate
950,68,1339,8.38,Cast Iron,208.72,D,33.35,6.16,4.56,9.17,5,107.7,Moderate
951,1381,1049,29.1,Aluminum,528.11,B,169.34,8.62,7.99,9.35,16,-34.4,Critical
952,1249,174,21.24,Copper,679.07,C,74.07,17.41,1.55,1.68,1,17.4,Normal
953,644,1835,16.84,PVC,474.07,D,137.14,10.23,1.54,1.67,11,17.1,Normal
954,671,125,7.0,Cast Iron,589.36,B,72.25,0.45,5.01,9.64,11,32.0,Critical
955,325,323,21.64,Copper,714.6,E,53.83,2.48,2.27,0.62,18,-13.0,Moderate
956,160,1373,5.56,PVC,529.47,B,52.31,8.55,2.86,3.22,24,-29.1,Moderate
957,617,1567,11.6,PVC,337.9,C,30.97,2.34,0.6,4.78,22,-33.7,Normal
958,961,972,3.47,Copper,726.35,B,194.84,14.62,6.86,3.25,24,85.6,Critical
959,275,660,3.46,Aluminum,744.9,B,153.65,19.18,9.05,8.81,15,111.2,Critical
960,1278,336,24.3,Aluminum,394.82,E,103.39,10.11,6.25,5.9,1,43.0,Critical
961,74,167,27.79,PVC,433.61,C,185.31,17.7,9.8,6.44,17,-29.0,Critical
962,1356,295,15.46,Aluminum,261.93,D,115.05,5.66,8.77,4.12,1,49.5,Critical
963,1327,1432,15.56,Aluminum,554.17,E,181.76,10.45,7.86,5.04,11,105.9,Critical
964,1482,716,12.42,Aluminum,332.27,A,183.46,5.75,7.43,0.95,22,67.7,Critical
965,1062,1773,18.9,Steel,227.02,A,164.36,0.77,1.8,8.09,13,54.7,Normal
966,1412,261,19.54,PVC,209.85,C,81.18,12.9,1.24,6.11,19,-4.8,Normal
967,1398,931,5.4,Copper,598.71,A,47.63,4.01,7.79,5.98,23,111.7,Critical
968,224,948,22.64,Cast Iron,553.99,E,145.96,0.99,8.48,0.09,3,82.9,Critical
969,1352,1144,20.88,Steel,479.24,C,83.37,1.47,1.37,0.72,8,8.2,Normal
970,272,1478,25.39,Copper,681.04,C,126.54,18.93,3.47,4.21,19,52.1,Moderate
971,1027,692,8.74,Copper,269.79,D,44.08,4.9,7.87,7.14,23,61.9,Critical
972,1321,1454,13.52,Copper,330.63,E,75.95,9.75,4.63,1.87,16,-39.3,Moderate
973,1131,1319,22.43,Steel,516.57,B,188.16,2.61,3.65,9.87,8,28.6,Moderate
974,94,1405,29.33,PVC,219.43,E,106.56,8.57,0.09,7.24,2,42.5,Normal
975,774,1396,20.97,Steel,652.98,E,130.32,11.34,4.29,3.0,13,93.5,Moderate
976,570,1337,5.07,PVC,305.91,A,168.68,4.52,1.87,3.48,17,107.3,Normal
977,99,392,22.61,PVC,209.3,B,88.97,16.97,4.9,9.17,14,-26.5,Moderate
978,855,1411,23.69,Aluminum,269.38,B,123.43,10.44,8.22,5.91,20,50.2,Critical
979,610,1080,5.33,PVC,762.93,A,197.89,6.83,7.91,2.4,20,96.5,Critical
980,1039,1145,11.16,Cast Iron,381.59,D,154.52,2.03,2.43,0.82,12,-3.5,Moderate
981,1432,375,10.81,Cast Iron,242.26,E,55.84,1.85,3.74,6.39,21,11.1,Moderate
982,1408,1425,10.43,Copper,250.34,B,72.13,13.41,7.68,1.91,3,16.0,Critical
983,1013,402,19.07,Cast Iron,522.93,D,165.26,6.81,9.45,2.7,14,87.5,Critical
984,1042,697,10.93,Cast Iron,773.74,D,134.99,4.25,5.86,8.31,18,63.4,Critical
985,539,272,3.43,Copper,342.65,C,54.98,1.54,9.87,7.98,12,8.2,Critical
986,886,645,28.59,Aluminum,484.33,A,170.56,14.66,2.53,4.83,6,26.1,Moderate
987,681,531,29.69,Aluminum,696.71,E,49.06,10.09,5.53,8.17,17,56.1,Critical
988,1462,200,7.07,PVC,464.29,A,109.4,17.34,0.15,4.22,10,51.2,Normal
989,1275,1195,3.71,Steel,504.23,D,158.22,3.16,4.18,3.49,22,89.4,Moderate
990,424,148,14.53,Copper,380.62,E,28.17,10.11,4.19,2.37,20,-20.4,Moderate
991,205,1160,19.63,PVC,515.2,A,33.66,17.66,5.0,2.88,21,40.8,Moderate
992,736,160,19.21,Copper,322.3,C,170.18,9.7,3.8,0.19,19,23.5,Moderate
993,980,1067,12.91,Copper,655.84,A,58.03,5.46,9.74,6.32,6,-31.3,Critical
994,559,1924,5.53,Aluminum,537.88,B,50.81,13.1,1.7,0.83,9,58.5,Normal
995,826,210,20.02,Cast Iron,306.59,D,116.4,7.56,7.24,0.05,12,-13.3,Critical
996,783,1290,27.49,Cast Iron,605.26,C,187.74,19.04,4.48,9.51,14,71.8,Moderate
997,513,261,9.16,Cast Iron,301.67,A,81.6,19.23,5.01,4.49,13,107.3,Critical
998,1291,1220,9.86,Cast Iron,757.64,D,129.9,5.75,2.89,3.11,18,60.9,Moderate
999,1371,137,6.01,Copper,606.95,B,101.18,16.14,4.31,1.94,21,100.8,Moderate
1000,903,855,12.24,Copper,621.8,C,158.31,2.81,6.78,3.46,5,59.9,Critical
